SKU,Produk,Group,Stok Berjalan, Harga Beli ,Nilai Stok (Rp),Stok Bln-1,Stok Bln-2,Cilandak,Karang Tengah,Cinere,Jagakarsa,Pondok Pinang,Umur Stok,Rekomendasi Aging
st1130,Dotmod Dot AIO V2 Carbon x Sturdy Mfg - CF Battle Damaged,All In One System,3,"  5,850,000 "," Rp 17,550,000 ",3,3,1,1,0,1,0,Aged ≥ 3 bln,Prioritas: clearance 30-50% / retur supplier
el609,Stubby AIO Kit 80W - Red Poison,Electrical Mods,4,"  2,150,000 "," Rp 8,600,000 ",4,4,1,1,0,1,1,Aged ≥ 3 bln,Prioritas: clearance 30-50% / retur supplier
el608,Stubby AIO Kit 80W - Green Lantern,Electrical Mods,4,"  2,150,000 "," Rp 8,600,000 ",4,4,1,1,1,1,0,Aged ≥ 3 bln,Prioritas: clearance 30-50% / retur supplier
el371,ZQ Essent DNA75C TC Box Mod 75W - Full Black DLC,PROMOTION DEVICE,5,"  1,350,000 "," Rp 6,750,000 ",5,5,1,1,1,1,1,Aged ≥ 3 bln,Prioritas: clearance 30-50% / retur supplier
el613,Stubby AIO Kit 80W - Dessert Storm,Electrical Mods,3,"  2,150,000 "," Rp 6,450,000 ",3,3,1,1,1,0,0,Aged ≥ 3 bln,Prioritas: clearance 30-50% / retur supplier
acc68,Reload Ammo RBA For AIO - Stainless Steel,Parts Units,3,"  1,900,000 "," Rp 5,700,000 ",3,3,0,1,1,1,0,Aged ≥ 3 bln,Prioritas: clearance 30-50% / retur supplier
el372,ZQ Essent DNA75C TC Box Mod 75W - Gunmetal,PROMOTION DEVICE,5,"  1,100,000 "," Rp 5,500,000 ",5,5,1,1,1,1,1,Aged ≥ 3 bln,Prioritas: clearance 30-50% / retur supplier
at63,"HexOhm V3.0 180W Box Mod Anodized Plain - Green,White",Semi Mechanical Mod,2,"  2,747,500 "," Rp 5,495,000 ",2,2,0,0,1,1,0,Aged ≥ 3 bln,Prioritas: clearance 30-50% / retur supplier
bb14,Billet Box Vapor - Miami Vice,Superior,1,"  5,450,000 "," Rp 5,450,000 ",1,1,0,0,0,1,0,Aged ≥ 3 bln,Prioritas: clearance 30-50% / retur supplier
bb15,Billet Box Vapor - Peacock,Superior,1,"  5,250,000 "," Rp 5,250,000 ",1,1,0,0,0,1,0,Aged ≥ 3 bln,Prioritas: clearance 30-50% / retur supplier
bb12,Billet Box Vapor - Galaxy SS,Superior,1,"  5,250,000 "," Rp 5,250,000 ",1,1,0,0,1,0,0,Aged ≥ 3 bln,Prioritas: clearance 30-50% / retur supplier
el370,ZQ Essent DNA75C TC Box Mod 75W - Black,PROMOTION DEVICE,4,"  1,300,000 "," Rp 5,200,000 ",5,5,1,1,0,1,1,Aged ≥ 3 bln,Prioritas: clearance 30-50% / retur supplier
st1085,Billet Box Rev4B DNA 60W SXK - Peek,All In One System,2,"  2,550,000 "," Rp 5,100,000 ",2,2,1,0,0,1,0,Aged ≥ 3 bln,Prioritas: clearance 30-50% / retur supplier
bb16,Billet Box Vapor - Pew Pew F-U,Superior,1,"  4,950,000 "," Rp 4,950,000 ",1,1,1,0,0,0,0,Aged ≥ 3 bln,Prioritas: clearance 30-50% / retur supplier
st621,Dotmod Dot AIO G10 V2 Super Limited Edition - Lime Green,All In One System,1,"  4,700,000 "," Rp 4,700,000 ",1,1,0,1,0,0,0,Aged ≥ 3 bln,Prioritas: clearance 30-50% / retur supplier
ath90,HexOhm V3.0 180W Box Mod ZOOJIVE Limited Edition - Black Green,Semi Mechanical Mod,1,"  4,700,000 "," Rp 4,700,000 ",1,1,0,0,0,1,0,Aged ≥ 3 bln,Prioritas: clearance 30-50% / retur supplier
acc347,Mission XV KB2 Evo - White,Parts Units,2,"  2,200,000 "," Rp 4,400,000 ",2,2,0,1,0,1,0,Aged ≥ 3 bln,Prioritas: clearance 30-50% / retur supplier
el606,Stubby AIO Kit 80W - Black Widow,Electrical Mods,2,"  2,150,000 "," Rp 4,300,000 ",2,2,0,0,1,1,0,Aged ≥ 3 bln,Prioritas: clearance 30-50% / retur supplier
acc205,Silo RBA JG And Orca Vape - Orange,Parts Units,4,"  950,000 "," Rp 3,800,000 ",4,4,1,1,1,1,0,Aged ≥ 3 bln,Prioritas: clearance 30-50% / retur supplier
el615,Lost Vape Centaurus M200 Muklay Edition - Aurora Green,Electrical Mods,6,"  620,000 "," Rp 3,720,000 ",6,6,2,1,2,1,0,Aged ≥ 3 bln,Prioritas: clearance 30-50% / retur supplier
dt265,Famles Drip Tip Sett Dot AIO - Basic Colour,Drip Tips And Caps,9,"  381,250 "," Rp 3,431,250 ",9,9,2,2,2,2,1,Aged ≥ 3 bln,Prioritas: clearance 30-50% / retur supplier
at24,HexOhm V3.0 180W O Frame By Vapezoo - Red,Semi Mechanical Mod,1,"  3,385,000 "," Rp 3,385,000 ",1,1,0,0,1,0,0,Aged ≥ 3 bln,Prioritas: clearance 30-50% / retur supplier
at23,HexOhm V3.0 180W O Frame By Vapezoo - Plume,Semi Mechanical Mod,1,"  3,385,000 "," Rp 3,385,000 ",1,1,0,0,0,1,0,Aged ≥ 3 bln,Prioritas: clearance 30-50% / retur supplier
rda464,Dot RDA X 24mm - Gunmetal,RDA,4,"  808,333 "," Rp 3,233,333 ",5,5,1,1,0,1,1,Aged ≥ 3 bln,Prioritas: clearance 30-50% / retur supplier
st1090,Dotmod Dot AIO V2 Carbon Limited Edition - Carbon,All In One System,1,"  3,100,000 "," Rp 3,100,000 ",1,1,0,1,0,0,0,Aged ≥ 3 bln,Prioritas: clearance 30-50% / retur supplier
st913,Veepon Tita X AIO Kit 60W - Alloy Black,All In One System,2,"  1,480,000 "," Rp 2,960,000 ",2,2,0,1,1,0,0,Aged ≥ 3 bln,Prioritas: clearance 30-50% / retur supplier
st276,ZQ Xtal Pro Pod System New Colour 1000mAh - Aurora Borealis,BUY 1 GET 1,15,"  197,000 "," Rp 2,955,000 ",15,15,2,6,4,2,1,Aged ≥ 3 bln,Prioritas: clearance 30-50% / retur supplier
AIO23/1225,Dotmod Dot AIO V3 - Black,AIO 2025,2,"  1,475,000 "," Rp 2,950,000 ",2,2,1,0,0,1,0,Aged ≥ 3 bln,Prioritas: clearance 30-50% / retur supplier
aio7/1024,Dotmod Dot AIO V2 G10 Monarchy Edition - Monarchy,AIO,1,"  2,850,000 "," Rp 2,850,000 ",1,1,0,0,0,1,0,Aged ≥ 3 bln,Prioritas: clearance 30-50% / retur supplier
mec21,Banaspati V1 Reborn Mechanical 24mm - Cooper,SALE DEVICE MOD,4,"  700,000 "," Rp 2,800,000 ",4,4,1,0,1,1,1,Aged ≥ 3 bln,Prioritas: clearance 30-50% / retur supplier
el120,SX Mini G Class ABS Type 200W - Matte Black,SALE DEVICE MOD,2,"  1,400,000 "," Rp 2,800,000 ",2,2,0,0,1,0,1,Aged ≥ 3 bln,Prioritas: clearance 30-50% / retur supplier
st279,ZQ Xtal Pro Pod System New Colour 1000mAh - Sakura Sunset,BUY 1 GET 1,14,"  197,000 "," Rp 2,758,000 ",14,14,2,5,4,2,1,Aged ≥ 3 bln,Prioritas: clearance 30-50% / retur supplier
at62,"HexOhm V3.0 180W Box Mod Anodized Plain - Blue,White",Semi Mechanical Mod,1,"  2,747,500 "," Rp 2,747,500 ",1,1,0,0,1,0,0,Aged ≥ 3 bln,Prioritas: clearance 30-50% / retur supplier
BM21/1225,TRML T88 Box Mod Kit - Purple Lollipop,Box Mod 2025,4,"  670,000 "," Rp 2,680,000 ",4,4,0,1,1,1,1,Aged ≥ 3 bln,Prioritas: clearance 30-50% / retur supplier
at87,Authentic O-Atty 25mm RDA by Odis Collection - Stainless Steel,SALE RDA,2,"  1,325,000 "," Rp 2,650,000 ",2,2,1,0,0,0,1,Aged ≥ 3 bln,Prioritas: clearance 30-50% / retur supplier
ch04,Nitecore UMS4 Charger - 4 Slot,Charger,9,"  289,258 "," Rp 2,603,325 ",9,9,2,2,2,2,1,Aged ≥ 3 bln,Prioritas: clearance 30-50% / retur supplier
el173,Gear Box Mod V.1 Coil Gear 220W - Tiffany Blue,SALE DEVICE MOD,5,"  510,000 "," Rp 2,550,000 ",5,5,1,1,1,1,1,Aged ≥ 3 bln,Prioritas: clearance 30-50% / retur supplier
el171,Gear Box Mod V.1 Coil Gear 220W - Gold,SALE DEVICE MOD,5,"  510,000 "," Rp 2,550,000 ",5,5,1,1,1,1,1,Aged ≥ 3 bln,Prioritas: clearance 30-50% / retur supplier
dt11,The M.M.K 510 Tips Stabilised Wood - 2mm,Drip Tips And Caps,11,"  230,573 "," Rp 2,536,302 ",11,11,4,2,3,2,0,Aged ≥ 3 bln,Prioritas: clearance 30-50% / retur supplier
st1172,Vandy Vape Pulse Pro AIO - Pink,All In One System,3,"  840,000 "," Rp 2,520,000 ",3,3,1,1,0,1,0,Aged ≥ 3 bln,Prioritas: clearance 30-50% / retur supplier
st1083,Vandy Vape Pulse AIO Mini Kit 80W - Mint Green,SALE DEVICE MOD,4,"  630,000 "," Rp 2,520,000 ",4,4,1,1,1,1,0,Aged ≥ 3 bln,Prioritas: clearance 30-50% / retur supplier
st1080,Vandy Vape Pulse AIO Mini Kit 80W - Frosted Blue,SALE DEVICE MOD,4,"  630,000 "," Rp 2,520,000 ",4,4,1,1,1,1,0,Aged ≥ 3 bln,Prioritas: clearance 30-50% / retur supplier
AIO4/0225,LVE Boson Boro DNA80C MOD - Titanium Silver,AIO 2025,2,"  1,225,000 "," Rp 2,450,000 ",2,2,0,0,1,1,0,Aged ≥ 3 bln,Prioritas: clearance 30-50% / retur supplier
el77,Hotcig R234 VW Box Mod - Barong Golden Frost,Box Mod,5,"  450,000 "," Rp 2,250,000 ",5,5,1,1,1,1,1,Aged ≥ 3 bln,Prioritas: clearance 30-50% / retur supplier
wire03,Anarchist Wire - 26 Awg,Wire,23,"  95,711 "," Rp 2,201,346 ",23,23,4,4,4,6,5,Aged ≥ 3 bln,Prioritas: clearance 30-50% / retur supplier
rda288,Twisted Messes 24 Pro Series Limited Edition - White Sattin,SALE RDA,3,"  725,000 "," Rp 2,175,000 ",3,3,0,1,1,0,1,Aged ≥ 3 bln,Prioritas: clearance 30-50% / retur supplier
st277,ZQ Xtal Pro Pod System New Colour 1000mAh - Gradient Pink,BUY 1 GET 1,11,"  197,000 "," Rp 2,167,000 ",11,11,2,5,4,0,0,Aged ≥ 3 bln,Prioritas: clearance 30-50% / retur supplier
st1086,Veepon Kuka AIO 60W AIO - Black,All In One System,4,"  520,000 "," Rp 2,080,000 ",4,4,1,0,1,1,1,Aged ≥ 3 bln,Prioritas: clearance 30-50% / retur supplier
dt293,909 Modify Capsule Integrated Drip Tip - Stainless Steel,Drip Tips And Caps,5,"  415,000 "," Rp 2,075,000 ",5,5,1,1,1,1,1,Aged ≥ 3 bln,Prioritas: clearance 30-50% / retur supplier
dt292,909 Modify Capsule Integrated Drip Tip - Red,Drip Tips And Caps,5,"  415,000 "," Rp 2,075,000 ",5,5,1,1,1,1,1,Aged ≥ 3 bln,Prioritas: clearance 30-50% / retur supplier
el172,Gear Box Mod V.1 Coil Gear 220W - Lilac,SALE DEVICE MOD,4,"  510,000 "," Rp 2,040,000 ",4,4,1,1,0,1,1,Aged ≥ 3 bln,Prioritas: clearance 30-50% / retur supplier
BM22/1225,TRML T88 Box Mod Kit - Stardust,Box Mod 2025,3,"  670,000 "," Rp 2,010,000 ",3,3,1,1,0,1,0,Aged ≥ 3 bln,Prioritas: clearance 30-50% / retur supplier
acc67,Reload Ammo RBA For AIO - Black,Parts Units,1,"  1,900,000 "," Rp 1,900,000 ",1,1,0,0,0,1,0,Aged ≥ 3 bln,Prioritas: clearance 30-50% / retur supplier
st1081,Vandy Vape Pulse AIO Mini Kit 80W - Frosted Purple,SALE DEVICE MOD,3,"  630,000 "," Rp 1,890,000 ",3,3,1,1,1,0,0,Aged ≥ 3 bln,Prioritas: clearance 30-50% / retur supplier
acc65,Pioneer Dot RBA Dotmod AIO - Grey DLC,Parts Units,3,"  625,000 "," Rp 1,875,000 ",3,3,1,1,1,0,0,Aged ≥ 3 bln,Prioritas: clearance 30-50% / retur supplier
st1365,Dotmod Dot Aio X Essential 60W Kit - Gunmetal,All In One System,1,"  1,800,000 "," Rp 1,800,000 ",1,1,0,0,1,0,0,Aged ≥ 3 bln,Prioritas: clearance 30-50% / retur supplier
rda554,Recoil R3 Single Coil RDA - Red,RDA 2026,3,"  600,000 "," Rp 1,800,000 ",3,3,1,1,0,1,0,Aged ≥ 3 bln,Prioritas: clearance 30-50% / retur supplier
bm47/0125,TRML T99 Box Mod - Grasberg Mine,Box Mod,4,"  440,000 "," Rp 1,760,000 ",4,4,1,1,1,1,0,Aged ≥ 3 bln,Prioritas: clearance 30-50% / retur supplier
st1171,Vandy Vape Pulse Pro AIO - Green,All In One System,2,"  840,000 "," Rp 1,680,000 ",2,2,0,1,0,1,0,Aged ≥ 3 bln,Prioritas: clearance 30-50% / retur supplier
dt291,909 Modify Capsule Integrated Drip Tip - Purple,Drip Tips And Caps,4,"  415,000 "," Rp 1,660,000 ",4,4,1,1,1,1,0,Aged ≥ 3 bln,Prioritas: clearance 30-50% / retur supplier
dt289,909 Modify Capsule Integrated Drip Tip - Black,Drip Tips And Caps,4,"  415,000 "," Rp 1,660,000 ",4,4,1,1,1,1,0,Aged ≥ 3 bln,Prioritas: clearance 30-50% / retur supplier
rda477,Geekvape Tsunami Reborn Z RDA 24mm - Stainless Steel,RDA,5,"  330,000 "," Rp 1,650,000 ",5,5,1,1,1,1,1,Aged ≥ 3 bln,Prioritas: clearance 30-50% / retur supplier
el137,Voopoo Argus GT 2 Mod Only 200W - Lime Green,SALE DEVICE MOD,3,"  535,000 "," Rp 1,605,000 ",3,3,1,1,1,0,0,Aged ≥ 3 bln,Prioritas: clearance 30-50% / retur supplier
el628,Lost Vape Centaurus M200 Chaos Topus - Purple,Electrical Mods,3,"  530,000 "," Rp 1,590,000 ",3,3,1,1,0,1,0,Aged ≥ 3 bln,Prioritas: clearance 30-50% / retur supplier
bm40/1224,Lost Vape Centaurus M200 Edition Anniversary - Pink Formless,Box Mod,3,"  530,000 "," Rp 1,590,000 ",3,3,1,0,1,1,0,Aged ≥ 3 bln,Prioritas: clearance 30-50% / retur supplier
acc184,Veepon Tita RBA - Purple,Parts Units,4,"  395,000 "," Rp 1,580,000 ",4,4,1,1,1,1,0,Aged ≥ 3 bln,Prioritas: clearance 30-50% / retur supplier
acc154,Veepon Tita RBA - Black,Parts Units,4,"  395,000 "," Rp 1,580,000 ",4,4,1,1,2,0,0,Aged ≥ 3 bln,Prioritas: clearance 30-50% / retur supplier
APM01,Artha Pod Mod Gen 2 By Fatriio X Advken - Aurora Blue,PROMOTION DEVICE,9,"  174,630 "," Rp 1,571,667 ",9,9,2,4,1,0,2,Aged ≥ 3 bln,Prioritas: clearance 30-50% / retur supplier
el103,Lost Vape Centaurus Q200 Box Mod - Gold Teak Wood,SALE DEVICE MOD,4,"  380,000 "," Rp 1,520,000 ",4,4,0,1,2,1,0,Aged ≥ 3 bln,Prioritas: clearance 30-50% / retur supplier
rda452,TOT X RDA 24mm Dual Coil - Stainless Steel,RDA,5,"  300,000 "," Rp 1,500,000 ",5,5,1,1,1,1,1,Aged ≥ 3 bln,Prioritas: clearance 30-50% / retur supplier
el632,Vox Mod 200W Mod Only - Rose Pink,Electrical Mods,3,"  500,000 "," Rp 1,500,000 ",3,3,1,1,1,0,0,Aged ≥ 3 bln,Prioritas: clearance 30-50% / retur supplier
acc126,Chariot Nano Kit 2ml Arcana Mods - Nano Kit,Parts Units,4,"  375,000 "," Rp 1,500,000 ",4,4,1,1,1,1,0,Aged ≥ 3 bln,Prioritas: clearance 30-50% / retur supplier
rda126,Dead Rabbit V3 RDA Carbon Series - Red CF,RDA,5,"  295,000 "," Rp 1,475,000 ",5,5,1,1,1,2,0,Aged ≥ 3 bln,Prioritas: clearance 30-50% / retur supplier
rda124,Dead Rabbit V3 RDA Carbon Series - Blue CF,RDA,5,"  295,000 "," Rp 1,475,000 ",5,5,1,1,1,1,1,Aged ≥ 3 bln,Prioritas: clearance 30-50% / retur supplier
rda105,Reload Essential RDA 24mm - Stainless Steel,RDA,2,"  730,000 "," Rp 1,460,000 ",2,2,0,1,1,0,0,Aged ≥ 3 bln,Prioritas: clearance 30-50% / retur supplier
ACC414,Sturdy One Titanium Accesories - Titanium,PART UNIT 2026,2,"  725,000 "," Rp 1,450,000 ",0,2,0,0,1,1,0,Aged ~2 bln,Prioritas: clearance 30-50% / retur supplier
bm42/0125,Hotcig R234 Pro VW Box Mod - Calamity Orange,Box Mod,3,"  480,000 "," Rp 1,440,000 ",3,3,1,1,1,0,0,Aged ≥ 3 bln,Prioritas: clearance 30-50% / retur supplier
el225,Dotbox 220W By Dotmod - Red,Electrical Mods,1,"  1,400,000 "," Rp 1,400,000 ",1,1,0,0,1,0,0,Aged ≥ 3 bln,Prioritas: clearance 30-50% / retur supplier
AIO22/0825,Dotmod DotApollo AIO X Mission - Red,AIO 2025,1,"  1,400,000 "," Rp 1,400,000 ",1,1,1,0,0,0,0,Aged ≥ 3 bln,Prioritas: clearance 30-50% / retur supplier
rda459,Drop Dead 2 RDA 24mm - Matte Black,RDA,5,"  275,000 "," Rp 1,375,000 ",5,5,1,1,1,1,1,Aged ≥ 3 bln,Prioritas: clearance 30-50% / retur supplier
rda458,Drop Dead 2 RDA 24mm - Gunmetal,RDA,5,"  275,000 "," Rp 1,375,000 ",5,5,1,1,1,1,1,Aged ≥ 3 bln,Prioritas: clearance 30-50% / retur supplier
rda457,Drop Dead 2 RDA 24mm - Gold,RDA,5,"  275,000 "," Rp 1,375,000 ",5,5,1,1,1,2,0,Aged ≥ 3 bln,Prioritas: clearance 30-50% / retur supplier
rda455,Drop Dead 2 RDA 24mm - Bloody Mess,RDA,5,"  275,000 "," Rp 1,375,000 ",5,5,1,1,1,1,1,Aged ≥ 3 bln,Prioritas: clearance 30-50% / retur supplier
rda25,Dead Rabbit V3 RDA 24mm By Hellvape - Turquoise,RDA,5,"  275,000 "," Rp 1,375,000 ",5,5,1,1,1,1,1,Aged ≥ 3 bln,Prioritas: clearance 30-50% / retur supplier
OPS205/1125,Mechvape The X SBS Pod 50W - Cold Silver,Pod System 2025,5,"  275,000 "," Rp 1,375,000 ",5,5,1,1,1,1,1,Aged ≥ 3 bln,Prioritas: clearance 30-50% / retur supplier
OPS204/1125,Mechvape The X SBS Pod 50W - Blue,Pod System 2025,5,"  275,000 "," Rp 1,375,000 ",5,5,1,1,1,1,1,Aged ≥ 3 bln,Prioritas: clearance 30-50% / retur supplier
rda53,AN RDA V2 Coilturd 24mm - White,RDA,2,"  680,000 "," Rp 1,360,000 ",2,2,1,1,0,0,0,Aged ≥ 3 bln,Prioritas: clearance 30-50% / retur supplier
el72,Hotcig R234 VW Box Mod - Red Cyber,Box Mod,3,"  450,000 "," Rp 1,350,000 ",3,3,1,1,1,0,0,Aged ≥ 3 bln,Prioritas: clearance 30-50% / retur supplier
rda475,Geekvape Tsunami Reborn Z RDA 24mm - Gunmetal,RDA,4,"  330,000 "," Rp 1,320,000 ",4,4,1,1,1,1,0,Aged ≥ 3 bln,Prioritas: clearance 30-50% / retur supplier
ops81/824,Aspire Cloudflask X Pod Kit - Amber,Open Pod System,4,"  330,000 "," Rp 1,320,000 ",5,5,1,1,0,1,1,Aged ≥ 3 bln,Prioritas: clearance 30-50% / retur supplier
bm36/1224,TRML T99 Box Mod - Scarlet Pink,Box Mod,3,"  440,000 "," Rp 1,320,000 ",3,3,0,1,1,1,0,Aged ≥ 3 bln,Prioritas: clearance 30-50% / retur supplier
bm33/1224,TRML T99 Box Mod - Black Panther,Box Mod,3,"  440,000 "," Rp 1,320,000 ",3,3,1,0,1,0,1,Aged ≥ 3 bln,Prioritas: clearance 30-50% / retur supplier
OPS158/0825,Aspire Nexi Pro Combo Kit - Metallic Jade,Pod System 2025,5,"  255,000 "," Rp 1,275,000 ",5,5,1,1,1,1,1,Aged ≥ 3 bln,Prioritas: clearance 30-50% / retur supplier
OPS156/0825,Aspire Nexi Pro Combo Kit - Dark Blue,Pod System 2025,5,"  255,000 "," Rp 1,275,000 ",5,5,1,1,1,1,1,Aged ≥ 3 bln,Prioritas: clearance 30-50% / retur supplier
ch22,BlackCell BU4 USB Smart Charger - 4 Slot,Charger,10,"  126,386 "," Rp 1,263,860 ",10,10,2,2,1,4,1,Aged ≥ 3 bln,Prioritas: clearance 30-50% / retur supplier
st1281,SXK BMM Borat DNA 60W - Black,All In One System,1,"  1,250,000 "," Rp 1,250,000 ",1,1,0,1,0,0,0,Aged ≥ 3 bln,Prioritas: clearance 30-50% / retur supplier
USA29,"Monster Vape Labs Blackberry Jam Cukai 2025 - 60ml,6mg",USA 60ml 2025,8,"  155,000 "," Rp 1,240,000 ",8,8,2,2,2,1,1,Aged ≥ 3 bln,Prioritas: clearance 30-50% / retur supplier
AIO1/0225,LVE Boson Boro DNA80C MOD - Black,AIO 2025,1,"  1,225,000 "," Rp 1,225,000 ",1,1,1,0,0,0,0,Aged ≥ 3 bln,Prioritas: clearance 30-50% / retur supplier
st475,Volta 200W Kit - Pink White,SALE DEVICE MOD,3,"  400,000 "," Rp 1,200,000 ",3,3,1,0,0,1,1,Aged ≥ 3 bln,Prioritas: clearance 30-50% / retur supplier
st474,Volta 200W Kit - Black Gold,SALE DEVICE MOD,3,"  400,000 "," Rp 1,200,000 ",3,3,0,0,1,1,1,Aged ≥ 3 bln,Prioritas: clearance 30-50% / retur supplier
rda553,Recoil R3 Single Coil RDA - Purple,RDA 2026,2,"  600,000 "," Rp 1,200,000 ",2,2,1,0,0,1,0,Aged ≥ 3 bln,Prioritas: clearance 30-50% / retur supplier
rda552,Recoil R3 Single Coil RDA - Green,RDA 2026,2,"  600,000 "," Rp 1,200,000 ",2,2,1,0,0,1,0,Aged ≥ 3 bln,Prioritas: clearance 30-50% / retur supplier
rda451,TOT X RDA 24mm Dual Coil - Gunmetal,RDA,4,"  300,000 "," Rp 1,200,000 ",4,4,1,1,1,1,0,Aged ≥ 3 bln,Prioritas: clearance 30-50% / retur supplier
rda450,TOT X RDA 24mm Dual Coil - Black,RDA,4,"  300,000 "," Rp 1,200,000 ",4,4,1,1,1,1,0,Aged ≥ 3 bln,Prioritas: clearance 30-50% / retur supplier
acc185,Veepon Tita RBA - Silver,Parts Units,3,"  395,000 "," Rp 1,185,000 ",3,3,1,1,1,0,0,Aged ≥ 3 bln,Prioritas: clearance 30-50% / retur supplier
rda23,Dead Rabbit V3 RDA 24mm By Hellvape - Red,RDA,4,"  295,000 "," Rp 1,180,000 ",4,4,1,1,1,1,0,Aged ≥ 3 bln,Prioritas: clearance 30-50% / retur supplier
rda16,Dead Rabbit V3 RDA 24mm By Hellvape - Blue,RDA,4,"  295,000 "," Rp 1,180,000 ",4,4,1,1,1,1,0,Aged ≥ 3 bln,Prioritas: clearance 30-50% / retur supplier
st230,Vamped Pro Plus 1000mAh - Blue,BUY 1 GET 1,13,"  90,000 "," Rp 1,170,000 ",13,13,2,4,4,2,1,Aged ≥ 3 bln,Prioritas: clearance 30-50% / retur supplier
el622,Lost Vape Centaurus M100 Reguler Edition - Interstellar,Electrical Mods,3,"  390,000 "," Rp 1,170,000 ",3,3,1,1,0,1,0,Aged ≥ 3 bln,Prioritas: clearance 30-50% / retur supplier
el374,ZQ Essent SE 80W Box Mod - DLC Full Black,PROMOTION DEVICE,2,"  580,000 "," Rp 1,160,000 ",2,2,0,1,1,0,0,Aged ≥ 3 bln,Prioritas: clearance 30-50% / retur supplier
el105,Lost Vape Centaurus Q200 Box Mod - Royal Blue Wave Coral,SALE DEVICE MOD,3,"  380,000 "," Rp 1,140,000 ",3,3,1,0,1,1,0,Aged ≥ 3 bln,Prioritas: clearance 30-50% / retur supplier
rda462,Drop Dead 2 RDA 24mm - Stainless Steel,RDA,4,"  275,000 "," Rp 1,100,000 ",4,4,1,1,1,1,0,Aged ≥ 3 bln,Prioritas: clearance 30-50% / retur supplier
rda461,Drop Dead 2 RDA 24mm - Rainbow,RDA,4,"  275,000 "," Rp 1,100,000 ",4,4,1,1,1,1,0,Aged ≥ 3 bln,Prioritas: clearance 30-50% / retur supplier
rda460,Drop Dead 2 RDA 24mm - Matte Full Black,RDA,4,"  275,000 "," Rp 1,100,000 ",4,4,2,1,1,0,0,Aged ≥ 3 bln,Prioritas: clearance 30-50% / retur supplier
rda456,Drop Dead 2 RDA 24mm - Blue,RDA,4,"  275,000 "," Rp 1,100,000 ",4,4,1,1,1,1,0,Aged ≥ 3 bln,Prioritas: clearance 30-50% / retur supplier
rda22,Dead Rabbit V3 RDA 24mm By Hellvape - Rainbow,RDA,4,"  275,000 "," Rp 1,100,000 ",4,4,1,1,1,1,0,Aged ≥ 3 bln,Prioritas: clearance 30-50% / retur supplier
OPS206/1125,Mechvape The X SBS Pod 50W - Pink,Pod System 2025,4,"  275,000 "," Rp 1,100,000 ",4,4,1,1,1,1,0,Aged ≥ 3 bln,Prioritas: clearance 30-50% / retur supplier
OPS203/1125,Mechvape The X SBS Pod 50W - Black,Pod System 2025,4,"  275,000 "," Rp 1,100,000 ",4,4,1,1,1,1,0,Aged ≥ 3 bln,Prioritas: clearance 30-50% / retur supplier
ACC413,Recoil R3 Chamber Kit - Reguler,PART UNIT 2026,4,"  275,000 "," Rp 1,100,000 ",4,4,1,1,1,1,0,Aged ≥ 3 bln,Prioritas: clearance 30-50% / retur supplier
st599,Asvape Hita Mech Reinvent Pod Kit 1000mAh - Copper,BUY 1 GET 1,6,"  180,000 "," Rp 1,080,000 ",6,6,2,2,1,0,1,Aged ≥ 3 bln,Prioritas: clearance 30-50% / retur supplier
rda271,Dang RDA 24mm By Recoil RDA - Ultem,RDA,2,"  540,000 "," Rp 1,080,000 ",2,2,0,1,0,0,1,Aged ≥ 3 bln,Prioritas: clearance 30-50% / retur supplier
rda269,Dang RDA 24mm By Recoil RDA - Rainbow,RDA,2,"  540,000 "," Rp 1,080,000 ",2,2,0,1,0,0,1,Aged ≥ 3 bln,Prioritas: clearance 30-50% / retur supplier
el625,Lost Vape Centaurus M100 Reguler Edition - Midnight Blue,Electrical Mods,3,"  360,000 "," Rp 1,080,000 ",3,3,1,1,0,1,0,Aged ≥ 3 bln,Prioritas: clearance 30-50% / retur supplier
el624,Lost Vape Centaurus M100 Reguler Edition - Lunar Pink,Electrical Mods,3,"  360,000 "," Rp 1,080,000 ",3,3,0,1,2,0,0,Aged ≥ 3 bln,Prioritas: clearance 30-50% / retur supplier
el620,Lost Vape Centaurus M100 Reguler Edition - Gunmetal Gray,Electrical Mods,3,"  360,000 "," Rp 1,080,000 ",3,3,1,0,1,1,0,Aged ≥ 3 bln,Prioritas: clearance 30-50% / retur supplier
ops9/724,Elf X Pro Pod Kit 45W 1200mAh - Blue,Open Pod System,4,"  269,000 "," Rp 1,076,000 ",4,4,1,1,1,1,0,Aged ≥ 3 bln,Prioritas: clearance 30-50% / retur supplier
ops12/724,Elf X Pro Pod Kit 45W 1200mAh - Purple,Open Pod System,4,"  269,000 "," Rp 1,076,000 ",4,4,1,1,1,1,0,Aged ≥ 3 bln,Prioritas: clearance 30-50% / retur supplier
rc96,Dot AIO Coil - 1.2 Ohm Kanthal Clapton,Coil,25,"  43,000 "," Rp 1,075,000 ",25,25,5,5,5,5,5,Aged ≥ 3 bln,Prioritas: clearance 30-50% / retur supplier
el135,Voopoo Argus GT 2 Mod Only 200W - Dark Blue,SALE DEVICE MOD,2,"  535,000 "," Rp 1,070,000 ",2,2,0,1,1,0,0,Aged ≥ 3 bln,Prioritas: clearance 30-50% / retur supplier
APM02,Artha Pod Mod Gen 2 By Fatriio X Advken - Aurora Red,PROMOTION DEVICE,6,"  175,005 "," Rp 1,050,029 ",6,6,2,1,1,1,1,Aged ≥ 3 bln,Prioritas: clearance 30-50% / retur supplier
st164,Dotmod Dot AIO V2 Lite - Red,All In One System,1,"  1,050,000 "," Rp 1,050,000 ",1,1,0,0,0,1,0,Aged ≥ 3 bln,Prioritas: clearance 30-50% / retur supplier
dt20,C2MNT Color Cap By District F5VE - Blue,Drip Tips And Caps,5,"  210,000 "," Rp 1,050,000 ",5,5,0,1,2,2,0,Aged ≥ 3 bln,Prioritas: clearance 30-50% / retur supplier
APM04,Artha Pod Mod Gen 2 By Fatriio X Advken - Ink Black,PROMOTION DEVICE,6,"  175,000 "," Rp 1,050,000 ",6,6,2,1,1,1,1,Aged ≥ 3 bln,Prioritas: clearance 30-50% / retur supplier
st1087,Veepon Kuka AIO 60W AIO - Blue Green,All In One System,2,"  520,000 "," Rp 1,040,000 ",2,2,1,0,0,1,0,Aged ≥ 3 bln,Prioritas: clearance 30-50% / retur supplier
rc279,Dot Coils - 0.9 Ohm,Coil,24,"  43,000 "," Rp 1,032,000 ",24,24,5,5,4,5,5,Aged ≥ 3 bln,Prioritas: clearance 30-50% / retur supplier
el266,Voopoo Drag 4 Resin Series 177W Mod Only - Tropical Orange Gun Metal,SALE DEVICE MOD,2,"  515,000 "," Rp 1,030,000 ",2,2,1,0,1,0,0,Aged ≥ 3 bln,Prioritas: clearance 30-50% / retur supplier
OPS157/0825,Aspire Nexi Pro Combo Kit - Dark Grey,Pod System 2025,4,"  255,000 "," Rp 1,020,000 ",4,4,1,1,1,1,0,Aged ≥ 3 bln,Prioritas: clearance 30-50% / retur supplier
PODA151,"2026 - The O Rama Juice 60ml Series - 60ml,3mg Bacco Tea",PODA 60ML 2026,9,"  112,500 "," Rp 1,012,500 ",9,9,2,2,2,2,1,Aged ≥ 3 bln,Prioritas: clearance 30-50% / retur supplier
ops144/1024,Foom Y Pod Bundling Liquid 15ml Granit Grey - Coconut Water,Open Pod System,4,"  250,000 "," Rp 1,000,000 ",4,4,1,1,1,1,0,Aged ≥ 3 bln,Prioritas: clearance 30-50% / retur supplier
el633,Vox Mod 200W Mod Only - Tiffany Blue,Electrical Mods,2,"  500,000 "," Rp 1,000,000 ",2,2,1,1,0,0,0,Aged ≥ 3 bln,Prioritas: clearance 30-50% / retur supplier
bb6,Billet Box Vapor Missin XV Inner Panel Set - Topo Moon Dust,Superior,1,"  1,000,000 "," Rp 1,000,000 ",1,1,1,0,0,0,0,Aged ≥ 3 bln,Prioritas: clearance 30-50% / retur supplier
bb5,Billet Box Vapor Missin XV Inner Panel Set - Topo Black,Superior,1,"  1,000,000 "," Rp 1,000,000 ",1,1,0,1,0,0,0,Aged ≥ 3 bln,Prioritas: clearance 30-50% / retur supplier
at170,Alcatraz RDA by Häze - Stainless Steel,SALE RDA,1,"  1,000,000 "," Rp 1,000,000 ",1,1,1,0,0,0,0,Aged ≥ 3 bln,Prioritas: clearance 30-50% / retur supplier
st250,Vamped Pro Plus 1000mAh - Orange,BUY 1 GET 1,11,"  90,000 "," Rp 990,000 ",11,11,2,4,4,0,1,Aged ≥ 3 bln,Clearance 20-40% / bundling
rda473,Geekvape Tsunami Reborn Z RDA 24mm - Black,RDA,3,"  330,000 "," Rp 990,000 ",3,3,1,1,0,1,0,Aged ≥ 3 bln,Clearance 20-40% / bundling
rda209,Artha V1.5 RDA 24mm By Advken - Red,PROMOTION DEVICE,5,"  198,000 "," Rp 990,000 ",6,6,3,0,1,1,0,Aged ≥ 3 bln,Clearance 20-40% / bundling
ops8/724,Elf X Pro Pod Kit 45W 1200mAh - Black,Open Pod System,4,"  246,500 "," Rp 986,000 ",4,4,1,1,1,1,0,Aged ≥ 3 bln,Clearance 20-40% / bundling
ops13/724,Elf X Pro Pod Kit 45W 1200mAh - Silver,Open Pod System,4,"  244,000 "," Rp 976,000 ",4,4,1,1,1,1,0,Aged ≥ 3 bln,Clearance 20-40% / bundling
ops10/724,Elf X Pro Pod Kit 45W 1200mAh - Gray,Open Pod System,4,"  244,000 "," Rp 976,000 ",4,4,1,1,1,1,0,Aged ≥ 3 bln,Clearance 20-40% / bundling
st519,Cthulhu AIO Box 60W - Elegent Gold,All In One System,1,"  975,000 "," Rp 975,000 ",1,1,0,1,0,0,0,Aged ≥ 3 bln,Clearance 20-40% / bundling
bm38/1224,TRML T200 Box Mod - Lizard Green,Box Mod,2,"  480,000 "," Rp 960,000 ",2,2,1,0,0,1,0,Aged ≥ 3 bln,Clearance 20-40% / bundling
acc212,SXK RBA MK02 - Black,Parts Units,3,"  320,000 "," Rp 960,000 ",3,3,0,1,1,1,0,Aged ≥ 3 bln,Clearance 20-40% / bundling
pre46,Satu Tiga Beast King Dual Tricore 3.0mm - 0.15-0.17 Ohm,Wire,25,"  38,037 "," Rp 950,936 ",25,25,5,5,5,5,5,Aged ≥ 3 bln,Clearance 20-40% / bundling
el382,Geekvape Aegis Legend L200 Mod Only - Red,SALE DEVICE MOD,2,"  475,000 "," Rp 950,000 ",2,2,0,1,1,0,0,Aged ≥ 3 bln,Clearance 20-40% / bundling
acc331,909 Modify RBA Limited Edition - Bali,Parts Units,1,"  950,000 "," Rp 950,000 ",1,1,0,0,1,0,0,Aged ≥ 3 bln,Clearance 20-40% / bundling
acc219,Silo RBA JG And Orca Vape - Satin,Parts Units,1,"  950,000 "," Rp 950,000 ",1,1,0,0,0,1,0,Aged ≥ 3 bln,Clearance 20-40% / bundling
acc204,Silo RBA JG And Orca Vape - Green,Parts Units,1,"  950,000 "," Rp 950,000 ",1,1,0,0,0,1,0,Aged ≥ 3 bln,Clearance 20-40% / bundling
acc203,Silo RBA JG And Orca Vape - Gold,Parts Units,1,"  950,000 "," Rp 950,000 ",1,1,1,0,0,0,0,Aged ≥ 3 bln,Clearance 20-40% / bundling
acc201,Silo RBA JG And Orca Vape - Blue,Parts Units,1,"  950,000 "," Rp 950,000 ",1,1,0,0,0,1,0,Aged ≥ 3 bln,Clearance 20-40% / bundling
FB60,"Happi Krunch Ice Cream Matcha Vanilla Cukai 2025 - 60ml,3mg",Freebase 2025,8,"  117,788 "," Rp 942,308 ",8,8,2,2,1,2,1,Aged ≥ 3 bln,Clearance 20-40% / bundling
FB160,"Lunar Donut Midori Cream Cukai 2025 - 60ml,6mg",Freebase 2025,8,"  117,425 "," Rp 939,403 ",8,8,2,2,1,2,1,Aged ≥ 3 bln,Clearance 20-40% / bundling
USA43,"Fruit Monster Mango Peach Guava Cukai 2025 - 60ml,6mg",USA 60ml 2025,6,"  155,000 "," Rp 930,000 ",6,6,2,1,2,1,0,Aged ≥ 3 bln,Clearance 20-40% / bundling
bm30/1124,Hotcig R234 Armor Beast - Celesmonk Sulawesi,Box Mod,2,"  460,000 "," Rp 920,000 ",2,2,1,0,1,0,0,Aged ≥ 3 bln,Clearance 20-40% / bundling
rda432,Lyon RDA 23mm Single Deck - Black,SALE RDA,3,"  305,000 "," Rp 915,000 ",3,3,0,1,1,1,0,Aged ≥ 3 bln,Clearance 20-40% / bundling
rta102,Reload RTA By Reload Vapor USA - Stainless Steel,RTA,1,"  910,000 "," Rp 910,000 ",1,0,0,0,1,0,0,Baru (bln berjalan),"Pantau dulu, jangan diskon"
rta44,Hellvape Dead Rabbit RTA V3 25mm - Gunmetal,RTA,3,"  300,000 "," Rp 900,000 ",3,3,0,1,0,2,0,Aged ≥ 3 bln,Clearance 20-40% / bundling
rta23,Hellvape Dead Rabbit RTA V3 25mm - Blue,RTA,3,"  300,000 "," Rp 900,000 ",3,3,1,1,0,1,0,Aged ≥ 3 bln,Clearance 20-40% / bundling
rda160,Druga 2 RDA 24mm - Green,SALE RDA,3,"  300,000 "," Rp 900,000 ",3,3,0,1,1,0,1,Aged ≥ 3 bln,Clearance 20-40% / bundling
rc323,Dot AIO V2 Tank - Purple,Cartridge,4,"  225,000 "," Rp 900,000 ",4,4,1,1,1,1,0,Aged ≥ 3 bln,Clearance 20-40% / bundling
rc321,Dot AIO V2 Tank - Lime Green,Cartridge,4,"  225,000 "," Rp 900,000 ",4,4,1,1,0,1,1,Aged ≥ 3 bln,Clearance 20-40% / bundling
OPS171/0925,Suorin Fero Box Pod Kit 30W 1300mAh - Forest Green,Pod System 2025,5,"  180,000 "," Rp 900,000 ",5,5,1,1,1,1,1,Aged ≥ 3 bln,Clearance 20-40% / bundling
el70,Hotcig R234 VW Box Mod - Pink Cyber,Box Mod,2,"  450,000 "," Rp 900,000 ",2,2,1,0,1,0,0,Aged ≥ 3 bln,Clearance 20-40% / bundling
APM05,Artha Pod Mod Gen 2 By Fatriio X Advken - Ink Gunmetal,PROMOTION DEVICE,5,"  180,000 "," Rp 900,000 ",5,5,1,1,1,1,1,Aged ≥ 3 bln,Clearance 20-40% / bundling
rta358,Dead Rabbit Solo RTA 24mm - Gold,RTA,3,"  295,000 "," Rp 885,000 ",4,4,1,0,0,1,1,Aged ≥ 3 bln,Clearance 20-40% / bundling
rda21,Dead Rabbit V3 RDA 24mm By Hellvape - Purple,RDA,3,"  295,000 "," Rp 885,000 ",3,3,1,1,1,0,0,Aged ≥ 3 bln,Clearance 20-40% / bundling
rda18,Dead Rabbit V3 RDA 24mm By Hellvape - Gunmetal,RDA,3,"  295,000 "," Rp 885,000 ",3,3,1,1,1,0,0,Aged ≥ 3 bln,Clearance 20-40% / bundling
rda159,Druga 2 RDA 24mm - Blue,SALE RDA,3,"  295,000 "," Rp 885,000 ",3,3,0,1,1,0,1,Aged ≥ 3 bln,Clearance 20-40% / bundling
st238,Oxva Origin SE 40W 1400mAh - Sakura Pink,All In One System,4,"  220,000 "," Rp 880,000 ",4,4,0,2,1,1,0,Aged ≥ 3 bln,Clearance 20-40% / bundling
st236,Oxva Origin SE 40W 1400mAh - Magenta Pink,All In One System,4,"  220,000 "," Rp 880,000 ",4,4,1,0,1,1,1,Aged ≥ 3 bln,Clearance 20-40% / bundling
st471,Voopoo Argus MT Mod 3000mAh - Lime Green,SALE DEVICE MOD,2,"  430,000 "," Rp 860,000 ",2,2,1,0,0,1,0,Aged ≥ 3 bln,Clearance 20-40% / bundling
rda448,Reload S RDA Camo Edition - Combat Green,RDA,1,"  860,000 "," Rp 860,000 ",1,1,0,0,0,0,1,Aged ≥ 3 bln,Clearance 20-40% / bundling
FB94,"Lunar Sweet Ice Tea Cukai 2025 - 60ml,3mg",Freebase 2025,8,"  106,452 "," Rp 851,613 ",8,8,2,2,1,2,1,Aged ≥ 3 bln,Clearance 20-40% / bundling
st1174,Vandy Vape Pulse Pro AIO - Violette,All In One System,1,"  840,000 "," Rp 840,000 ",1,1,0,1,0,0,0,Aged ≥ 3 bln,Clearance 20-40% / bundling
co63,SMok RGC Conical Mesh Coil - 0.17 Ohm,Coil,28,"  30,000 "," Rp 840,000 ",28,28,5,7,6,5,5,Aged ≥ 3 bln,Clearance 20-40% / bundling
rda20,Dead Rabbit V3 RDA 24mm By Hellvape - Matte Full Black,RDA,3,"  275,000 "," Rp 825,000 ",3,3,0,1,1,0,1,Aged ≥ 3 bln,Clearance 20-40% / bundling
FB297,"A La Carte Cream Series 60ml 2026 - 60ml,6mg Cream Banana",FREEBASE 2026,7,"  117,500 "," Rp 822,500 ",0,5,0,2,2,2,1,Aged ~2 bln,Clearance 20-40% / bundling
st1176,San AIO Boro Mod 80W - Pink,All In One System,1,"  800,000 "," Rp 800,000 ",1,1,0,0,1,0,0,Aged ≥ 3 bln,Clearance 20-40% / bundling
st1175,San AIO Boro Mod 80W - Orange,All In One System,1,"  800,000 "," Rp 800,000 ",1,1,0,1,0,0,0,Aged ≥ 3 bln,Clearance 20-40% / bundling
rda419,Alexa Z Dual RDA 24mm - Gold,RDA,2,"  400,000 "," Rp 800,000 ",2,2,1,0,0,1,0,Aged ≥ 3 bln,Clearance 20-40% / bundling
acc183,Veepon Tita RBA - Blue,Parts Units,2,"  395,000 "," Rp 790,000 ",2,2,0,1,1,0,0,Aged ≥ 3 bln,Clearance 20-40% / bundling
st278,ZQ Xtal Pro Pod System New Colour 1000mAh - Red Devil,BUY 1 GET 1,4,"  197,000 "," Rp 788,000 ",4,4,2,0,2,0,0,Aged ≥ 3 bln,Clearance 20-40% / bundling
rc276,Voopoo Drag Q ITO Coils - ITO M1 0.7 Ohm,Coil,28,"  28,000 "," Rp 784,000 ",28,28,5,5,8,5,5,Aged ≥ 3 bln,Clearance 20-40% / bundling
st1414,Aspire Fluffi Pod Kit 20W 1500mAh - Pink Lava,Pod System,4,"  195,000 "," Rp 780,000 ",4,4,2,0,1,1,0,Aged ≥ 3 bln,Clearance 20-40% / bundling
el621,Lost Vape Centaurus M100 Reguler Edition - Icy Mint,Electrical Mods,2,"  390,000 "," Rp 780,000 ",2,2,0,1,0,1,0,Aged ≥ 3 bln,Clearance 20-40% / bundling
el618,Lost Vape Centaurus M100 Reguler Edition - Dusty Rose,Electrical Mods,2,"  390,000 "," Rp 780,000 ",2,2,1,1,0,0,0,Aged ≥ 3 bln,Clearance 20-40% / bundling
acc220,SXK Mission XV - SS,Parts Units,3,"  260,000 "," Rp 780,000 ",3,3,0,1,1,1,0,Aged ≥ 3 bln,Clearance 20-40% / bundling
SN80,"Friends And Enemies Salt Nic Cukai 2025 - 30ml,18mg",Salt Nic 2025,10,"  77,500 "," Rp 775,000 ",10,10,2,2,2,2,2,Aged ≥ 3 bln,Clearance 20-40% / bundling
at500,Subzero X RDA 25mm By Sub Ohm Innovations - Copper,SALE RDA,1,"  775,000 "," Rp 775,000 ",1,1,0,0,0,0,1,Aged ≥ 3 bln,Clearance 20-40% / bundling
rda510,Dead Rabbit Mini RDA 20mm - Silver,RDA,4,"  190,000 "," Rp 760,000 ",4,4,1,1,1,1,0,Aged ≥ 3 bln,Clearance 20-40% / bundling
rda507,Dead Rabbit Mini RDA 20mm - Gold,RDA,4,"  190,000 "," Rp 760,000 ",4,4,1,1,1,1,0,Aged ≥ 3 bln,Clearance 20-40% / bundling
rda505,Dead Rabbit Mini RDA 20mm - Black,RDA,4,"  190,000 "," Rp 760,000 ",4,4,1,1,1,1,0,Aged ≥ 3 bln,Clearance 20-40% / bundling
el101,Lost Vape Centaurus Q200 Box Mod - CF Matt Red,SALE DEVICE MOD,2,"  380,000 "," Rp 760,000 ",2,2,0,0,0,1,1,Aged ≥ 3 bln,Clearance 20-40% / bundling
st252,Hannya Nano Pro S Pod Kit 700mAh - Smoky Gray,SALE DEVICE POD,3,"  250,000 "," Rp 750,000 ",3,3,0,2,1,0,0,Aged ≥ 3 bln,Clearance 20-40% / bundling
ops147/1024,Foom Y Pod Bundling Liquid 15ml Onyx Black - BW Matcha Latte,Open Pod System,3,"  250,000 "," Rp 750,000 ",3,3,1,1,0,1,0,Aged ≥ 3 bln,Clearance 20-40% / bundling
ops146/1024,Foom Y Pod Bundling Liquid 15ml Granit Grey - Icy Mango,Open Pod System,3,"  250,000 "," Rp 750,000 ",3,3,1,1,0,1,0,Aged ≥ 3 bln,Clearance 20-40% / bundling
st451,EIR Pod Kit 18W 800mAh - Light Pink,SALE DEVICE POD,4,"  185,000 "," Rp 740,000 ",4,4,1,1,1,0,1,Aged ≥ 3 bln,Clearance 20-40% / bundling
st448,EIR Pod Kit 18W 800mAh - Gunmetal,SALE DEVICE POD,4,"  185,000 "," Rp 740,000 ",4,4,1,1,1,0,1,Aged ≥ 3 bln,Clearance 20-40% / bundling
RCRAFT137,"2026 - Slay Dessert Series - 60ml,3mg Strawberry Pudding",RCRAFT 60ML 2026,7,"  105,000 "," Rp 735,000 ",0,4,0,2,2,2,1,Aged ~2 bln,Clearance 20-40% / bundling
RCRAFT136,"2026 - Slay Dessert Series - 60ml,6mg Matcha Ice Cream",RCRAFT 60ML 2026,7,"  105,000 "," Rp 735,000 ",0,4,0,2,2,2,1,Aged ~2 bln,Clearance 20-40% / bundling
st600,Asvape Hita Mech Reinvent Pod Kit 1000mAh - Dark Green,BUY 1 GET 1,4,"  180,000 "," Rp 720,000 ",4,4,1,2,0,0,1,Aged ≥ 3 bln,Clearance 20-40% / bundling
rda412,Key RDA 24mm 8 Circle x Panda - Gunmetal,SALE RDA,3,"  240,000 "," Rp 720,000 ",3,3,0,1,0,1,1,Aged ≥ 3 bln,Clearance 20-40% / bundling
rda411,Key RDA 24mm 8 Circle x Panda - Gold,SALE RDA,3,"  240,000 "," Rp 720,000 ",3,3,0,1,1,0,1,Aged ≥ 3 bln,Clearance 20-40% / bundling
OPS173/0925,Suorin Fero Box Pod Kit 30W 1300mAh - Polar White,Pod System 2025,4,"  180,000 "," Rp 720,000 ",4,4,1,1,1,1,0,Aged ≥ 3 bln,Clearance 20-40% / bundling
OPS170/0925,Suorin Fero Box Pod Kit 30W 1300mAh - Blue Blitz,Pod System 2025,4,"  180,000 "," Rp 720,000 ",4,4,1,1,1,1,0,Aged ≥ 3 bln,Clearance 20-40% / bundling
el619,Lost Vape Centaurus M100 Reguler Edition - Galaxy Beige,Electrical Mods,2,"  360,000 "," Rp 720,000 ",2,2,0,1,1,0,0,Aged ≥ 3 bln,Clearance 20-40% / bundling
co202,SMok RPM 3 PNP Coil - 0.23 Ohm,Coil,24,"  30,000 "," Rp 720,000 ",24,24,5,5,5,4,5,Aged ≥ 3 bln,Clearance 20-40% / bundling
rc87,Aegis Boost B Coil - 0.2 Ohm,Coil,28,"  25,468 "," Rp 713,094 ",28,28,5,5,5,8,5,Aged ≥ 3 bln,Clearance 20-40% / bundling
rda501,Reload S RDA Spectrum Vol.2 24mm - Frosted Silver,RDA,1,"  710,000 "," Rp 710,000 ",0,0,0,1,0,0,0,Baru (bln berjalan),"Pantau dulu, jangan diskon"
st1412,Asmodus Minikin Pod Kit 2000mAh - Sierra Blue,Pod System,2,"  350,000 "," Rp 700,000 ",2,2,0,0,1,0,1,Aged ≥ 3 bln,Clearance 20-40% / bundling
rda282,The Recoil V1 RDA By GrimmGreen x OhmBoyOC - Gold,RDA,1,"  700,000 "," Rp 700,000 ",1,1,1,0,0,0,0,Aged ≥ 3 bln,Clearance 20-40% / bundling
acc346,Sturdy One Color Tanks - Smoke,Parts Units,4,"  175,000 "," Rp 700,000 ",4,4,1,1,1,1,0,Aged ≥ 3 bln,Clearance 20-40% / bundling
acc345,Sturdy One Color Tanks - Frost,Parts Units,4,"  175,000 "," Rp 700,000 ",4,4,1,1,1,1,0,Aged ≥ 3 bln,Clearance 20-40% / bundling
acc344,Sturdy One Color Tanks - Clear,Parts Units,4,"  175,000 "," Rp 700,000 ",4,4,1,1,1,1,0,Aged ≥ 3 bln,Clearance 20-40% / bundling
acc343,Sturdy One Color Tanks - Amber,Parts Units,4,"  175,000 "," Rp 700,000 ",4,4,1,1,1,1,0,Aged ≥ 3 bln,Clearance 20-40% / bundling
rta213,asMODus Anani V2 MTL RTA x D121 - Silver,SALE RTA,2,"  345,000 "," Rp 690,000 ",2,2,0,1,0,0,1,Aged ≥ 3 bln,Clearance 20-40% / bundling
RCRAFT168,"2026 - Liquid Paradewa Creamy 60ml - 60ml,6mg Sthorberry",RCRAFT 60ML 2026,6,"  115,000 "," Rp 690,000 ",0,2,0,2,2,2,0,Aged ~2 bln,Clearance 20-40% / bundling
RCRAFT166,"2026 - Liquid Paradewa Creamy 60ml - 60ml,6mg Oatdin",RCRAFT 60ML 2026,6,"  115,000 "," Rp 690,000 ",0,2,0,2,2,2,0,Aged ~2 bln,Clearance 20-40% / bundling
RCRAFT165,"2026 - Liquid Paradewa Creamy 60ml - 60ml,3mg Oatdin",RCRAFT 60ML 2026,6,"  115,000 "," Rp 690,000 ",0,2,0,2,2,2,0,Aged ~2 bln,Clearance 20-40% / bundling
RCRAFT164,"2026 - Liquid Paradewa Creamy 60ml - 60ml,6mg Choco loki",RCRAFT 60ML 2026,6,"  115,000 "," Rp 690,000 ",0,2,0,2,2,2,0,Aged ~2 bln,Clearance 20-40% / bundling
RCRAFT163,"2026 - Liquid Paradewa Creamy 60ml - 60ml,3mg Choco loki",RCRAFT 60ML 2026,6,"  115,000 "," Rp 690,000 ",0,2,0,2,2,2,0,Aged ~2 bln,Clearance 20-40% / bundling
FB145,"Djagoeng Kedjoe Cukai 2025 - 60ml,6mg",Freebase 2025,7,"  98,558 "," Rp 689,904 ",9,7,2,2,0,2,1,Aged ≥ 3 bln,Clearance 20-40% / bundling
ct103,Lust Organic Cotton - Reguler Pack,Cotton,25,"  27,500 "," Rp 687,500 ",25,25,5,5,5,5,5,Aged ≥ 3 bln,Clearance 20-40% / bundling
rda52,AN RDA V2 Coilturd 24mm - Stainless Steel,RDA,1,"  680,000 "," Rp 680,000 ",1,1,0,1,0,0,0,Aged ≥ 3 bln,Clearance 20-40% / bundling
rda51,AN RDA V2 Coilturd 24mm - Gold,RDA,1,"  680,000 "," Rp 680,000 ",1,1,0,0,1,0,0,Aged ≥ 3 bln,Clearance 20-40% / bundling
el342,Reload Essential Mod 18650 By Reload Vapor USA - Rustic Blue,Electrical Mods,1,"  680,000 "," Rp 680,000 ",1,1,1,0,0,0,0,Aged ≥ 3 bln,Clearance 20-40% / bundling
acc313,SXK Dot AIO II Panels - Green,Parts Units,4,"  170,000 "," Rp 680,000 ",4,4,1,1,1,1,0,Aged ≥ 3 bln,Clearance 20-40% / bundling
el96,Vaporesso GEN S 220W TC Box Mod - Midnight Blue,SALE DEVICE MOD,2,"  335,000 "," Rp 670,000 ",2,2,2,0,0,0,0,Aged ≥ 3 bln,Clearance 20-40% / bundling
OPS147/0725,Voom Fiery Pro Pod Kit 35W - Black,Pod System 2025,5,"  133,000 "," Rp 665,000 ",5,5,1,1,1,1,1,Aged ≥ 3 bln,Clearance 20-40% / bundling
ct36,Voopoo Vinci V2 Cartridge - 1.2 Ohm,Cartridge,19,"  35,000 "," Rp 665,000 ",19,19,6,3,5,2,3,Aged ≥ 3 bln,Clearance 20-40% / bundling
rda476,Geekvape Tsunami Reborn Z RDA 24mm - Pink,RDA,2,"  330,000 "," Rp 660,000 ",2,2,0,1,1,0,0,Aged ≥ 3 bln,Clearance 20-40% / bundling
rda474,Geekvape Tsunami Reborn Z RDA 24mm - Gold,RDA,2,"  330,000 "," Rp 660,000 ",2,2,1,0,1,0,0,Aged ≥ 3 bln,Clearance 20-40% / bundling
rc356,IYKYK Pod Cartridge - 0.8 Ohm,Cartridge,17,"  38,429 "," Rp 653,289 ",17,17,5,4,2,4,2,Aged ≥ 3 bln,Clearance 20-40% / bundling
OPS153/0825,Geek Vape Sonder Q2 Pod Kit Bundling Volx - Sakura Pink,Pod System 2025,5,"  130,000 "," Rp 650,000 ",5,5,1,1,1,1,1,Aged ≥ 3 bln,Clearance 20-40% / bundling
OPS151/0825,Geek Vape Sonder Q2 Pod Kit Bundling Volx - Misty Blue,Pod System 2025,5,"  130,000 "," Rp 650,000 ",5,5,1,1,1,1,1,Aged ≥ 3 bln,Clearance 20-40% / bundling
el293,Vapor Storm Legend Box Mod 200W - Queen Of The Sea,SALE DEVICE MOD,2,"  325,000 "," Rp 650,000 ",2,2,1,1,0,0,0,Aged ≥ 3 bln,Clearance 20-40% / bundling
dt267,Famles Drip Tip Titanium Vibranium 510 - Basic Colour,Drip Tips And Caps,2,"  325,000 "," Rp 650,000 ",2,2,1,0,0,1,0,Aged ≥ 3 bln,Clearance 20-40% / bundling
AIO15/0525,LVE Orion II Kit 1500mAh 40W - Textured Carbon Gold,AIO 2025,1,"  650,000 "," Rp 650,000 ",1,1,1,0,0,0,0,Aged ≥ 3 bln,Clearance 20-40% / bundling
rc277,Voopoo Drag Q ITO Coils - ITO M2 1.0 Ohm,Coil,25,"  25,916 "," Rp 647,897 ",27,27,5,5,5,5,5,Aged ≥ 3 bln,Clearance 20-40% / bundling
RCRAFT162,"2026 - Paradewa Olympus Ice Edition 60ml - 60ml,3mg Watermelon",RCRAFT 60ML 2026,6,"  107,500 "," Rp 645,000 ",0,2,0,2,2,2,0,Aged ~2 bln,Clearance 20-40% / bundling
RCRAFT161,"2026 - Paradewa Olympus Ice Edition 60ml - 60ml,3mg Vanilla Cream",RCRAFT 60ML 2026,6,"  107,500 "," Rp 645,000 ",0,2,0,2,2,2,0,Aged ~2 bln,Clearance 20-40% / bundling
RCRAFT160,"2026 - Paradewa Olympus Ice Edition 60ml - 60ml,3mg Sweet Strawberry",RCRAFT 60ML 2026,6,"  107,500 "," Rp 645,000 ",0,2,0,2,2,2,0,Aged ~2 bln,Clearance 20-40% / bundling
OPS407,Oxva Artio Series Pod System - Leather Gray,POD SYSTEM 2026,3,"  215,000 "," Rp 645,000 ",0,1,0,1,1,1,0,Aged ~2 bln,Clearance 20-40% / bundling
st1227,IYKYK Pod Kit 900mAh - Baby Blue,SALE DEVICE POD,2,"  320,000 "," Rp 640,000 ",2,2,0,1,1,0,0,Aged ≥ 3 bln,Clearance 20-40% / bundling
rc278,Voopoo Drag Q ITO Coils - ITO M3 1.2 Ohm,Coil,25,"  25,539 "," Rp 638,485 ",25,25,5,5,5,5,5,Aged ≥ 3 bln,Clearance 20-40% / bundling
ac37,Coil Gear Tool Kit V3 - V3,Tools,2,"  315,947 "," Rp 631,893 ",2,2,2,0,0,0,0,Aged ≥ 3 bln,Clearance 20-40% / bundling
st1079,Vandy Vape Pulse AIO Mini Kit 80W - Frosted Black,SALE DEVICE MOD,1,"  630,000 "," Rp 630,000 ",1,1,0,1,0,0,0,Aged ≥ 3 bln,Clearance 20-40% / bundling
SN201,Khalifa Salt Nic 30ml 24mg Cukai 2025 - Blackcurrant,Salt Nic 2025,10,"  62,500 "," Rp 625,000 ",10,10,2,2,2,2,2,Aged ≥ 3 bln,Clearance 20-40% / bundling
rc115,Artha Pod Mod Mesh Coil - Mesh 0.3 Ohm,Coil,25,"  25,000 "," Rp 625,000 ",25,25,4,5,6,5,5,Aged ≥ 3 bln,Clearance 20-40% / bundling
ct11,Premium Brother Cotton - Sultan Series - Gold,Cotton,25,"  25,000 "," Rp 625,000 ",25,25,5,6,4,5,5,Aged ≥ 3 bln,Clearance 20-40% / bundling
acc386,Dotmod DotRBA X - Black,Parts Units,1,"  625,000 "," Rp 625,000 ",1,1,0,1,0,0,0,Aged ≥ 3 bln,Clearance 20-40% / bundling
st1148,Voopoo Drag H40 AIO 1500mAh - Snow Blue,All In One System,2,"  310,000 "," Rp 620,000 ",2,2,1,0,1,0,0,Aged ≥ 3 bln,Clearance 20-40% / bundling
rc275,Voopoo Drag Q ITO Coils - ITO M0 0.5 Ohm,Coil,24,"  25,750 "," Rp 618,007 ",30,30,5,5,4,5,5,Aged ≥ 3 bln,Clearance 20-40% / bundling
rc355,IYKYK Pod Cartridge - 0.6 Ohm,Cartridge,16,"  38,181 "," Rp 610,889 ",16,16,4,4,2,4,2,Aged ≥ 3 bln,Clearance 20-40% / bundling
ops240/0125,Foom X Pod Bundling Liquid Brilliant Gold 15ml - Icy Watermelon,Open Pod System,4,"  150,500 "," Rp 602,000 ",4,4,0,2,1,1,0,Aged ≥ 3 bln,Clearance 20-40% / bundling
st672,Voopoo Vmate Infinity Edition 900mAh 17W - Shiny Green,SALE DEVICE POD,3,"  200,000 "," Rp 600,000 ",3,3,1,1,0,0,1,Aged ≥ 3 bln,Clearance 20-40% / bundling
st671,Voopoo Vmate Infinity Edition 900mAh 17W - Gradient Blue,SALE DEVICE POD,3,"  200,000 "," Rp 600,000 ",3,3,1,1,0,0,1,Aged ≥ 3 bln,Clearance 20-40% / bundling
st483,Voopoo Drag X 80W Pod Mod Kit - Retro,SALE DEVICE MOD,2,"  300,000 "," Rp 600,000 ",2,2,0,1,0,0,1,Aged ≥ 3 bln,Clearance 20-40% / bundling
st480,Voopoo Drag X 80W Pod Mod Kit - Galaxy Blue,SALE DEVICE MOD,2,"  300,000 "," Rp 600,000 ",2,2,0,1,0,0,1,Aged ≥ 3 bln,Clearance 20-40% / bundling
st478,Voopoo Drag X 80W Pod Mod Kit - Chestnut,SALE DEVICE MOD,2,"  300,000 "," Rp 600,000 ",2,2,0,1,0,0,1,Aged ≥ 3 bln,Clearance 20-40% / bundling
rta355,TOT RTA 24mm Glossy Edition By Air Vape - Pink,RTA,2,"  300,000 "," Rp 600,000 ",2,2,1,0,0,1,0,Aged ≥ 3 bln,Clearance 20-40% / bundling
OPS62/0625,Relx Prime E Pod Kit Bundling - Sage Green,Pod System 2025,4,"  150,000 "," Rp 600,000 ",5,5,1,1,0,1,1,Aged ≥ 3 bln,Clearance 20-40% / bundling
dt253,909 Modify Drip Tip 510 - Red,Drip Tips And Caps,5,"  120,000 "," Rp 600,000 ",5,5,1,1,1,1,1,Aged ≥ 3 bln,Clearance 20-40% / bundling
dt252,909 Modify Drip Tip 510 - Blue,Drip Tips And Caps,5,"  120,000 "," Rp 600,000 ",5,5,1,1,1,1,1,Aged ≥ 3 bln,Clearance 20-40% / bundling
ch34,Charge Up Charger & Power Bank 2 Slot - Neon Blue,Charger,3,"  200,000 "," Rp 600,000 ",3,3,1,0,1,1,0,Aged ≥ 3 bln,Clearance 20-40% / bundling
ch33,Charge Up Charger & Power Bank 2 Slot - Green,Charger,3,"  200,000 "," Rp 600,000 ",3,3,0,0,1,1,1,Aged ≥ 3 bln,Clearance 20-40% / bundling
acc370,909 Modify Xtra RBA - Black,Parts Units,1,"  600,000 "," Rp 600,000 ",2,1,1,0,0,0,0,Aged ≥ 3 bln,Clearance 20-40% / bundling
acc213,SXK RBA MK02 - Stainless Steel,Parts Units,2,"  300,000 "," Rp 600,000 ",2,2,0,0,1,1,0,Aged ≥ 3 bln,Clearance 20-40% / bundling
acc173,Crypt Boro Tank By Suicide Mods - Forset Green,Parts Units,2,"  300,000 "," Rp 600,000 ",2,2,1,0,0,1,0,Aged ≥ 3 bln,Clearance 20-40% / bundling
rc289,Voopoo Drag Q ITO X Cartridge - Black,Cartridge,8,"  74,291 "," Rp 594,327 ",8,8,3,1,1,2,1,Aged ≥ 3 bln,Clearance 20-40% / bundling
rda14,Dead Rabbit V3 RDA 24mm By Hellvape - Black Gold,RDA,2,"  295,000 "," Rp 590,000 ",2,2,0,1,0,1,0,Aged ≥ 3 bln,Clearance 20-40% / bundling
cot02,Monster Fiber - Reguler,Cotton,25,"  23,582 "," Rp 589,538 ",25,25,5,5,5,5,5,Aged ≥ 3 bln,Clearance 20-40% / bundling
rc116,Artha Pod Mod Mesh Coil - Mesh 0.8 Ohm,Coil,23,"  25,000 "," Rp 575,000 ",23,23,3,5,5,5,5,Aged ≥ 3 bln,Clearance 20-40% / bundling
mag5,Dot AIO KNTRL MAG Panel - Red,Superior,1,"  575,000 "," Rp 575,000 ",1,1,0,0,1,0,0,Aged ≥ 3 bln,Clearance 20-40% / bundling
mag4,Dot AIO KNTRL MAG Panel - Purple,Superior,1,"  575,000 "," Rp 575,000 ",1,1,0,0,0,1,0,Aged ≥ 3 bln,Clearance 20-40% / bundling
mag3,Dot AIO KNTRL MAG Panel - Green,Superior,1,"  575,000 "," Rp 575,000 ",1,1,1,0,0,0,0,Aged ≥ 3 bln,Clearance 20-40% / bundling
mag2,Dot AIO KNTRL MAG Panel - Frost White,Superior,1,"  575,000 "," Rp 575,000 ",1,1,0,1,0,0,0,Aged ≥ 3 bln,Clearance 20-40% / bundling
mag1,Dot AIO KNTRL MAG Panel - Black,Superior,1,"  575,000 "," Rp 575,000 ",1,1,0,1,0,0,0,Aged ≥ 3 bln,Clearance 20-40% / bundling
rc89,Aegis Boost B Coil - 0.6 Ohm,Coil,23,"  24,971 "," Rp 574,333 ",23,23,5,5,5,3,5,Aged ≥ 3 bln,Clearance 20-40% / bundling
OPS233/226,Suorin Fero Lite Pod 1000mAh - Blue,Pod System 2025,4,"  143,289 "," Rp 573,158 ",5,4,0,1,1,1,1,Aged ≥ 3 bln,Clearance 20-40% / bundling
rta37,Aspire Nautilus GT Mini Tank Kit 2.8ml - Stainless Steel,SALE RTA,2,"  285,000 "," Rp 570,000 ",2,2,0,1,1,0,0,Aged ≥ 3 bln,Clearance 20-40% / bundling
rta34,Aspire Nautilus GT Mini Tank Kit 2.8ml - Black,SALE RTA,2,"  285,000 "," Rp 570,000 ",2,2,0,1,1,0,0,Aged ≥ 3 bln,Clearance 20-40% / bundling
rta220,The Seraphim Tank by ISUREVAPE - Black,SALE RTA,3,"  190,000 "," Rp 570,000 ",3,3,0,2,1,0,0,Aged ≥ 3 bln,Clearance 20-40% / bundling
el303,ZQ Essent SE 80W Box Mod - Pacific Blue,PROMOTION DEVICE,1,"  560,000 "," Rp 560,000 ",1,1,0,0,1,0,0,Aged ≥ 3 bln,Clearance 20-40% / bundling
el299,ZQ Essent SE 80W Box Mod - Gunmetal,PROMOTION DEVICE,1,"  560,000 "," Rp 560,000 ",1,1,0,1,0,0,0,Aged ≥ 3 bln,Clearance 20-40% / bundling
st976,Nevoks APX C1 Pod System 30W - Spring Green,SALE DEVICE POD,3,"  185,000 "," Rp 555,000 ",3,3,0,1,1,0,1,Aged ≥ 3 bln,Clearance 20-40% / bundling
st973,Nevoks APX C1 Pod System 30W - Maple Yellow,SALE DEVICE POD,3,"  185,000 "," Rp 555,000 ",3,3,0,1,1,0,1,Aged ≥ 3 bln,Clearance 20-40% / bundling
st452,EIR Pod Kit 18W 800mAh - Silver Black,SALE DEVICE POD,3,"  185,000 "," Rp 555,000 ",3,3,1,0,1,0,1,Aged ≥ 3 bln,Clearance 20-40% / bundling
st450,EIR Pod Kit 18W 800mAh - Light Blue Pink,SALE DEVICE POD,3,"  185,000 "," Rp 555,000 ",3,3,0,1,1,0,1,Aged ≥ 3 bln,Clearance 20-40% / bundling
st447,EIR Pod Kit 18W 800mAh - Green Blue,SALE DEVICE POD,3,"  185,000 "," Rp 555,000 ",3,3,0,1,1,0,1,Aged ≥ 3 bln,Clearance 20-40% / bundling
st446,EIR Pod Kit 18W 800mAh - Darkish Green,SALE DEVICE POD,3,"  185,000 "," Rp 555,000 ",3,3,0,1,1,0,1,Aged ≥ 3 bln,Clearance 20-40% / bundling
st445,EIR Pod Kit 18W 800mAh - Carbon Fiber,SALE DEVICE POD,3,"  185,000 "," Rp 555,000 ",3,3,1,0,1,0,1,Aged ≥ 3 bln,Clearance 20-40% / bundling
st958,Moti Play Pod Kit 30W - Blush Pink,Pod System,2,"  275,000 "," Rp 550,000 ",2,2,0,1,0,1,0,Aged ≥ 3 bln,Clearance 20-40% / bundling
rta258,Pioneer RTA 22mm - DLC Black,RTA,1,"  550,000 "," Rp 550,000 ",1,1,0,1,0,0,0,Aged ≥ 3 bln,Clearance 20-40% / bundling
rda489,Dead Rabbit V3 RDA Joker Edition - Shiny Purple,RDA,2,"  275,000 "," Rp 550,000 ",2,2,1,1,0,0,0,Aged ≥ 3 bln,Clearance 20-40% / bundling
rc1120,Geek Vape Aegis Pod G Coil Pod Formula - Mesh 0.6 Ohm,Coil,22,"  25,000 "," Rp 550,000 ",22,22,0,5,7,5,5,Aged ≥ 3 bln,Clearance 20-40% / bundling
KTRL2,Dot AIO V1 KNTRL Panel - Frost White,Superior,1,"  550,000 "," Rp 550,000 ",1,1,0,1,0,0,0,Aged ≥ 3 bln,Clearance 20-40% / bundling
st231,Vamped Pro Plus 1000mAh - Burgundy,BUY 1 GET 1,6,"  90,000 "," Rp 540,000 ",6,6,1,0,4,0,1,Aged ≥ 3 bln,Clearance 20-40% / bundling
rda270,Dang RDA 24mm By Recoil RDA - Stainless Steel,RDA,1,"  540,000 "," Rp 540,000 ",1,1,0,1,0,0,0,Aged ≥ 3 bln,Clearance 20-40% / bundling
OPS169/0925,Suorin Fero Box Pod Kit 30W 1300mAh - Black Phantom,Pod System 2025,3,"  180,000 "," Rp 540,000 ",3,3,0,1,1,1,0,Aged ≥ 3 bln,Clearance 20-40% / bundling
co201,SMok RPM 3 PNP Coil - 0.15 Ohm,Coil,18,"  30,000 "," Rp 540,000 ",18,18,4,1,4,4,5,Aged ≥ 3 bln,Clearance 20-40% / bundling
bt27,Sony VTC 6A 18650 3000mAh 35A,Battery,18,"  30,000 "," Rp 540,000 ",18,18,4,4,4,4,2,Aged ≥ 3 bln,Clearance 20-40% / bundling
bt23,Sony VTC 5 18650 2600mAh 30A,Battery,18,"  30,000 "," Rp 540,000 ",18,18,4,4,4,4,2,Aged ≥ 3 bln,Clearance 20-40% / bundling
rba46,OXVA Velocity Unipro RBA - Unipro,Parts Units,5,"  107,500 "," Rp 537,500 ",5,5,0,2,2,1,0,Aged ≥ 3 bln,Clearance 20-40% / bundling
el184,Aspire Rhea 200W Box Mod - Red Metal,SALE DEVICE MOD,1,"  535,000 "," Rp 535,000 ",1,1,0,0,1,0,0,Aged ≥ 3 bln,Clearance 20-40% / bundling
el181,Aspire Rhea 200W Box Mod - Black Metal,SALE DEVICE MOD,1,"  535,000 "," Rp 535,000 ",1,1,0,0,1,0,0,Aged ≥ 3 bln,Clearance 20-40% / bundling
el136,Voopoo Argus GT 2 Mod Only 200W - Graphite,SALE DEVICE MOD,1,"  535,000 "," Rp 535,000 ",1,1,1,0,0,0,0,Aged ≥ 3 bln,Clearance 20-40% / bundling
rc64,EIR Pod Coil - P3 02 1.2 Ohm,Coil,20,"  26,666 "," Rp 533,320 ",20,20,6,3,5,3,3,Aged ≥ 3 bln,Clearance 20-40% / bundling
el616,Lost Vape Centaurus M200 Reguler Edition - Green Galaxy,Electrical Mods,1,"  530,000 "," Rp 530,000 ",1,1,0,0,0,1,0,Aged ≥ 3 bln,Clearance 20-40% / bundling
el276,Lost Vape Centaurus M200 Reguler Edition - Golden Knight,Electrical Mods,1,"  530,000 "," Rp 530,000 ",1,1,0,1,0,0,0,Aged ≥ 3 bln,Clearance 20-40% / bundling
aio6/824,Lost Vape Centaurus G80S AIO 80W - Space Silver,AIO,1,"  525,000 "," Rp 525,000 ",1,1,0,0,0,1,0,Aged ≥ 3 bln,Clearance 20-40% / bundling
aio5/824,Lost Vape Centaurus G80S AIO 80W - Sakura Pink,AIO,1,"  525,000 "," Rp 525,000 ",1,1,0,0,0,1,0,Aged ≥ 3 bln,Clearance 20-40% / bundling
aio3/824,Lost Vape Centaurus G80S AIO 80W - Ice Blue,AIO,1,"  525,000 "," Rp 525,000 ",1,1,0,0,0,1,0,Aged ≥ 3 bln,Clearance 20-40% / bundling
aio2/824,Lost Vape Centaurus G80S AIO 80W - Gunmetal Iron,AIO,1,"  525,000 "," Rp 525,000 ",1,1,0,0,0,1,0,Aged ≥ 3 bln,Clearance 20-40% / bundling
st717,Hotcig RDS Dual System Pod Mod Kit 80W - Amber,SALE DEVICE MOD,2,"  262,000 "," Rp 524,000 ",2,2,1,1,0,0,0,Aged ≥ 3 bln,Clearance 20-40% / bundling
ct34,Voopoo Vinci Pod Cartridge - 1.2 Ohm,Cartridge,19,"  27,511 "," Rp 522,701 ",19,19,6,3,5,2,3,Aged ≥ 3 bln,Clearance 20-40% / bundling
rc243,Lost Vape Ursa UB Lite Mesh Coil - L3 0.8 Ohm,Coil,24,"  21,760 "," Rp 522,240 ",23,24,5,3,6,5,5,Aged ≥ 3 bln,Clearance 20-40% / bundling
st547,Hannya Nano Pro Pod Kit 700mAh - Black,Pod System,2,"  260,000 "," Rp 520,000 ",2,2,0,2,0,0,0,Aged ≥ 3 bln,Clearance 20-40% / bundling
st1089,Veepon Kuka AIO 60W AIO - Pink,All In One System,1,"  520,000 "," Rp 520,000 ",1,1,0,0,0,0,1,Aged ≥ 3 bln,Clearance 20-40% / bundling
st1088,Veepon Kuka AIO 60W AIO - Brown,All In One System,1,"  520,000 "," Rp 520,000 ",1,1,0,0,1,0,0,Aged ≥ 3 bln,Clearance 20-40% / bundling
OPS152/0825,Geek Vape Sonder Q2 Pod Kit Bundling Volx - Moonlight Silver,Pod System 2025,4,"  130,000 "," Rp 520,000 ",4,4,1,1,1,1,0,Aged ≥ 3 bln,Clearance 20-40% / bundling
OPS150/0825,Geek Vape Sonder Q2 Pod Kit Bundling Volx - Metallic Purple,Pod System 2025,4,"  130,000 "," Rp 520,000 ",4,4,1,1,1,1,0,Aged ≥ 3 bln,Clearance 20-40% / bundling
el269,Voopoo Drag 4 Wood Series 177W Mod Only - Pale Gold Walnut,Electrical Mods,1,"  515,000 "," Rp 515,000 ",1,1,1,0,0,0,0,Aged ≥ 3 bln,Clearance 20-40% / bundling
el264,Voopoo Drag 4 Resin Series 177W Mod Only - Forest Green Gun Metal,SALE DEVICE MOD,1,"  515,000 "," Rp 515,000 ",1,1,1,0,0,0,0,Aged ≥ 3 bln,Clearance 20-40% / bundling
st1280,Hannya Nano Pod 900mAh - Ocean Blue,SALE DEVICE POD,3,"  170,000 "," Rp 510,000 ",3,3,0,1,1,0,1,Aged ≥ 3 bln,Clearance 20-40% / bundling
st1279,Hannya Nano Pod 900mAh - Garnet Red,SALE DEVICE POD,3,"  170,000 "," Rp 510,000 ",3,3,0,1,1,0,1,Aged ≥ 3 bln,Clearance 20-40% / bundling
st1278,Hannya Nano Pod 900mAh - Fluorescent Green,SALE DEVICE POD,3,"  170,000 "," Rp 510,000 ",3,3,0,1,1,0,1,Aged ≥ 3 bln,Clearance 20-40% / bundling
st1136,Vaptio Avocado Baby Kit 1100mAh - Charcoal White,SALE DEVICE MOD,2,"  250,000 "," Rp 500,000 ",2,2,0,1,1,0,0,Aged ≥ 3 bln,Clearance 20-40% / bundling
st1134,Vaptio Avocado Baby Kit 1100mAh - Black White,SALE DEVICE MOD,2,"  250,000 "," Rp 500,000 ",2,2,0,1,1,0,0,Aged ≥ 3 bln,Clearance 20-40% / bundling
ops149/1024,Foom Y Pod Bundling Liquid 15ml Onyx Black - Icy Lychee,Open Pod System,2,"  250,000 "," Rp 500,000 ",2,2,0,1,1,0,0,Aged ≥ 3 bln,Clearance 20-40% / bundling
ops145/1024,Foom Y Pod Bundling Liquid 15ml Granit Grey - Icy Grape,Open Pod System,2,"  250,000 "," Rp 500,000 ",2,2,1,0,1,0,0,Aged ≥ 3 bln,Clearance 20-40% / bundling
el630,Vox Mod 200W Mod Only - Cool Silver,Electrical Mods,1,"  500,000 "," Rp 500,000 ",1,1,0,1,0,0,0,Aged ≥ 3 bln,Clearance 20-40% / bundling
el629,Vox Mod 200W Mod Only - Black Phantom,Electrical Mods,1,"  500,000 "," Rp 500,000 ",1,1,0,0,0,1,0,Aged ≥ 3 bln,Clearance 20-40% / bundling
acc115,Nitrous Beauty Ring And AF Ring - Gunmetal,Parts Units,5,"  100,000 "," Rp 500,000 ",5,5,2,1,1,1,0,Aged ≥ 3 bln,Clearance 20-40% / bundling
st1311,Joiway Galaxy Pod Glow In The Dark 600mAh - Electroplate White,SALE DEVICE POD,3,"  165,000 "," Rp 495,000 ",3,3,1,1,0,0,1,Aged ≥ 3 bln,Clearance 20-40% / bundling
SN550,"ELFLIQ Fruity Series Salt Nic 2026 - 30ml,Mixed Berries",SALT NIC 2026,6,"  82,500 "," Rp 495,000 ",0,2,0,2,2,2,0,Aged ~2 bln,Clearance 20-40% / bundling
SN549,"ELFLIQ Fruity Series Salt Nic 2026 - 30ml,Kiwi Ice",SALT NIC 2026,6,"  82,500 "," Rp 495,000 ",0,2,0,2,2,2,0,Aged ~2 bln,Clearance 20-40% / bundling
SN547,"ELFLIQ Fruity Series Salt Nic 2026 - 30ml,Blackcurrant Ice",SALT NIC 2026,6,"  82,500 "," Rp 495,000 ",0,2,0,2,2,2,0,Aged ~2 bln,Clearance 20-40% / bundling
SN498,"Eno Bubblegum Series Salt Nic 2026 - 30ml,30mg Banana",SALT NIC 2026,6,"  82,500 "," Rp 495,000 ",0,4,0,2,2,2,0,Aged ~2 bln,Clearance 20-40% / bundling
rc453,Mechvape The X Pod Cartridge 2ml - 0.8 Ohm,Cartridge,18,"  27,500 "," Rp 495,000 ",18,18,4,4,4,4,2,Aged ≥ 3 bln,Clearance 20-40% / bundling
rc452,Mechvape The X Pod Cartridge 2ml - 0.6 Ohm,Cartridge,18,"  27,500 "," Rp 495,000 ",18,18,4,4,4,4,2,Aged ≥ 3 bln,Clearance 20-40% / bundling
rc4,Smok RPM 40 RBA Coil - 0.25 Ohm,Parts Units,9,"  55,000 "," Rp 495,000 ",9,9,0,4,5,0,0,Aged ≥ 3 bln,Clearance 20-40% / bundling
OPS28/0425,Lost Vape Thelema Nano Pod Kit - Lavender Violet,Pod System 2025,2,"  245,000 "," Rp 490,000 ",2,2,0,0,1,1,0,Aged ≥ 3 bln,Clearance 20-40% / bundling
st1129,Emkay E-Type Pod System 580mAh - Rose Gold,SALE DEVICE POD,4,"  120,000 "," Rp 480,000 ",4,4,1,1,1,0,1,Aged ≥ 3 bln,Clearance 20-40% / bundling
st1128,Emkay E-Type Pod System 580mAh - Maple Shine,SALE DEVICE POD,4,"  120,000 "," Rp 480,000 ",4,4,1,1,1,0,1,Aged ≥ 3 bln,Clearance 20-40% / bundling
st1127,Emkay E-Type Pod System 580mAh - Blue Ocean,SALE DEVICE POD,4,"  120,000 "," Rp 480,000 ",4,4,1,1,1,0,1,Aged ≥ 3 bln,Clearance 20-40% / bundling
st1126,Emkay E-Type Pod System 580mAh - Black Majesty,SALE DEVICE POD,4,"  120,000 "," Rp 480,000 ",4,4,1,1,1,0,1,Aged ≥ 3 bln,Clearance 20-40% / bundling
rc290,Voopoo Drag Q ITO X Cartridge - Silver,Cartridge,6,"  80,000 "," Rp 480,000 ",6,6,2,1,0,2,1,Aged ≥ 3 bln,Clearance 20-40% / bundling
el626,Hotcig R233 X Nitrous Limited Edition - Cyberized Purple,Semi Mechanical Mod,1,"  480,000 "," Rp 480,000 ",1,1,1,0,0,0,0,Aged ≥ 3 bln,Clearance 20-40% / bundling
dt251,909 Modify Drip Tip 510 - Black,Drip Tips And Caps,4,"  120,000 "," Rp 480,000 ",4,4,1,1,1,1,0,Aged ≥ 3 bln,Clearance 20-40% / bundling
dt12,The M.M.K 510 Tips Stabilised Wood - 3mm,Drip Tips And Caps,2,"  240,000 "," Rp 480,000 ",2,2,1,0,1,0,0,Aged ≥ 3 bln,Clearance 20-40% / bundling
bm54/0525,TRML T200 Box Mod - Yellow Omelette,Box Mod,1,"  480,000 "," Rp 480,000 ",1,1,0,1,0,0,0,Aged ≥ 3 bln,Clearance 20-40% / bundling
am1,Goest Cleaner 60ml - 60ml,Accesories Medic,8,"  60,000 "," Rp 480,000 ",8,8,2,2,2,2,0,Aged ≥ 3 bln,Clearance 20-40% / bundling
acc118,Nitrous Beauty Ring And AF Ring - Stainless Steel,Parts Units,5,"  95,556 "," Rp 477,778 ",5,5,2,1,1,1,0,Aged ≥ 3 bln,Clearance 20-40% / bundling
acc35,Asvape Hita RBA Tool 510 Adapter - Kit Standard,Parts Units,7,"  67,991 "," Rp 475,939 ",7,7,2,2,1,2,0,Aged ≥ 3 bln,Clearance 20-40% / bundling
el383,Geekvape Aegis Legend L200 Mod Only - Silver Black,SALE DEVICE MOD,1,"  475,000 "," Rp 475,000 ",1,1,0,0,0,1,0,Aged ≥ 3 bln,Clearance 20-40% / bundling
dt266,Famles Drip Tip Sett Dot AIO - Electrify,Drip Tips And Caps,1,"  475,000 "," Rp 475,000 ",1,1,0,0,0,1,0,Aged ≥ 3 bln,Clearance 20-40% / bundling
ct01,Cotton Bacon V2 By Wick N Vape - Standart,Cotton,10,"  47,000 "," Rp 470,000 ",10,10,3,2,4,1,0,Aged ≥ 3 bln,Clearance 20-40% / bundling
ct334,Uwell Caliburn A3S Cartridge - 1.0 Ohm,Cartridge,15,"  31,120 "," Rp 466,797 ",15,15,3,8,0,4,0,Aged ≥ 3 bln,Clearance 20-40% / bundling
ops107/924,Sweet And Smooth Shark Pod System 1000mAh - Silver,Open Pod System,3,"  155,000 "," Rp 465,000 ",3,3,1,1,1,0,0,Aged ≥ 3 bln,Clearance 20-40% / bundling
ops106/924,Sweet And Smooth Shark Pod System 1000mAh - Pink,Open Pod System,3,"  155,000 "," Rp 465,000 ",3,3,1,1,1,0,0,Aged ≥ 3 bln,Clearance 20-40% / bundling
ops104/924,Sweet And Smooth Shark Pod System 1000mAh - Green,Open Pod System,3,"  155,000 "," Rp 465,000 ",3,3,1,1,1,0,0,Aged ≥ 3 bln,Clearance 20-40% / bundling
ops103/924,Sweet And Smooth Shark Pod System 1000mAh - Blue,Open Pod System,3,"  155,000 "," Rp 465,000 ",3,3,1,1,1,0,0,Aged ≥ 3 bln,Clearance 20-40% / bundling
ops102/924,Sweet And Smooth Shark Pod System 1000mAh - Black,Open Pod System,3,"  155,000 "," Rp 465,000 ",3,3,1,1,1,0,0,Aged ≥ 3 bln,Clearance 20-40% / bundling
ac100,Revolution Screwdriver Kit - Black,Tools,8,"  58,055 "," Rp 464,438 ",8,8,0,3,1,4,0,Aged ≥ 3 bln,Clearance 20-40% / bundling
rta180,Manta Tank 24mm By Advken - Black,RTA,2,"  230,000 "," Rp 460,000 ",2,2,0,2,0,0,0,Aged ≥ 3 bln,Clearance 20-40% / bundling
ops98/924,Sweet And Smooth ROLV Rocket Pod System 30W 1000mAh - Pink,Open Pod System,4,"  115,000 "," Rp 460,000 ",4,4,1,1,1,1,0,Aged ≥ 3 bln,Clearance 20-40% / bundling
rda69,MGNT V2 RDA by Shado Vapor - Stainless Steel,RDA,1,"  450,000 "," Rp 450,000 ",1,1,0,0,0,0,1,Aged ≥ 3 bln,Clearance 20-40% / bundling
rc212,Voopoo TPP Platform Coil - TPP DM3 0.15 Ohm,Coil,15,"  30,000 "," Rp 450,000 ",15,15,3,3,3,3,3,Aged ≥ 3 bln,Clearance 20-40% / bundling
OPS60/0625,Relx Prime E Pod Kit Bundling - Classic Black,Pod System 2025,3,"  150,000 "," Rp 450,000 ",3,3,1,1,0,0,1,Aged ≥ 3 bln,Clearance 20-40% / bundling
el71,Hotcig R234 VW Box Mod - Purple Cyber,Box Mod,1,"  450,000 "," Rp 450,000 ",1,1,0,0,1,0,0,Aged ≥ 3 bln,Clearance 20-40% / bundling
el635,Hotcig R234 VW Box Mod - Barong Shade Grey,Box Mod,1,"  450,000 "," Rp 450,000 ",1,1,1,0,0,0,0,Aged ≥ 3 bln,Clearance 20-40% / bundling
el634,Hotcig R234 VW Box Mod - Barong Black,Box Mod,1,"  450,000 "," Rp 450,000 ",2,1,1,0,0,0,0,Aged ≥ 3 bln,Clearance 20-40% / bundling
el278,Lost Vape Centaurus M200 Reguler Edition - Midnight Blue,Electrical Mods,1,"  450,000 "," Rp 450,000 ",1,1,1,0,0,0,0,Aged ≥ 3 bln,Clearance 20-40% / bundling
el277,Lost Vape Centaurus M200 Reguler Edition - Gunmetal Gray,Electrical Mods,1,"  450,000 "," Rp 450,000 ",1,1,0,0,0,0,1,Aged ≥ 3 bln,Clearance 20-40% / bundling
ct333,Uwell Caliburn A3S Cartridge - 0.8 Ohm,Cartridge,16,"  27,513 "," Rp 440,207 ",16,16,7,0,4,5,0,Aged ≥ 3 bln,Clearance 20-40% / bundling
st982,Voopoo Argus G Pod 1000mAh 25W - Satin Blue,SALE DEVICE POD,2,"  220,000 "," Rp 440,000 ",2,2,0,1,1,0,0,Aged ≥ 3 bln,Clearance 20-40% / bundling
st977,Voopoo Argus G Pod 1000mAh 25W - Aurora Blue,SALE DEVICE POD,2,"  220,000 "," Rp 440,000 ",2,2,0,1,1,0,0,Aged ≥ 3 bln,Clearance 20-40% / bundling
bm61/1025,TRML T99 Box Mod - Orchid Magenta,Box Mod,1,"  440,000 "," Rp 440,000 ",1,1,0,0,1,0,0,Aged ≥ 3 bln,Clearance 20-40% / bundling
bm51/0225,TRML T99 Box Mod - Sky Of Blue,Box Mod,1,"  440,000 "," Rp 440,000 ",1,1,0,0,1,0,0,Aged ≥ 3 bln,Clearance 20-40% / bundling
bm34/1224,TRML T99 Box Mod - Iron Grey,Box Mod,1,"  440,000 "," Rp 440,000 ",1,1,0,1,0,0,0,Aged ≥ 3 bln,Clearance 20-40% / bundling
rc36,Thumb Cartridge V1.3 - 2ml - 0.5 Ohm,TRX,29,"  15,007 "," Rp 435,217 ",29,29,19,10,0,0,0,Aged ≥ 3 bln,Clearance 20-40% / bundling
ops18/724,Elf X Pod Kit 30W 1000mAh - Purple,Open Pod System,3,"  145,000 "," Rp 435,000 ",3,3,1,0,1,1,0,Aged ≥ 3 bln,Clearance 20-40% / bundling
pre22,Gatotkoco Coil - Alien Single - 0.3 Ohm,Wire,23,"  18,889 "," Rp 434,457 ",22,23,0,6,7,5,5,Aged ≥ 3 bln,Clearance 20-40% / bundling
st472,Voopoo Argus MT Mod 3000mAh - Pearl White,SALE DEVICE POD,1,"  430,000 "," Rp 430,000 ",1,1,0,0,0,1,0,Aged ≥ 3 bln,Clearance 20-40% / bundling
acc301,Veepon Tita RBA - Army Red,Parts Units,1,"  425,000 "," Rp 425,000 ",1,1,1,0,0,0,0,Aged ≥ 3 bln,Clearance 20-40% / bundling
acc300,Veepon Tita RBA - Army Green,Parts Units,1,"  425,000 "," Rp 425,000 ",1,1,0,0,1,0,0,Aged ≥ 3 bln,Clearance 20-40% / bundling
ct325,Sweet And Smooth S1 Cartridge - 0.8 Ohm,Cartridge,13,"  32,500 "," Rp 422,500 ",13,13,4,4,2,3,0,Aged ≥ 3 bln,Clearance 20-40% / bundling
st418,INDEX Starter Kit 550mAh By TRX x Turbo Vape - Red,TRX,2,"  210,000 "," Rp 420,000 ",2,2,0,2,0,0,0,Aged ≥ 3 bln,Clearance 20-40% / bundling
st417,INDEX Starter Kit 550mAh By TRX x Turbo Vape - Blue,TRX,2,"  210,000 "," Rp 420,000 ",2,2,0,2,0,0,0,Aged ≥ 3 bln,Clearance 20-40% / bundling
rc77,OXVA Velocity Unipro Coil - 0.3 Ohm,Coil,15,"  28,000 "," Rp 420,000 ",15,15,4,4,0,4,3,Aged ≥ 3 bln,Clearance 20-40% / bundling
OPS401,Geek Vape Wenax M2 Pod Leather Series - Volcanic Black,POD SYSTEM 2026,3,"  140,000 "," Rp 420,000 ",0,1,0,1,1,1,0,Aged ~2 bln,Clearance 20-40% / bundling
OPS400,Geek Vape Wenax M2 Pod Leather Series - Terra Brown,POD SYSTEM 2026,3,"  140,000 "," Rp 420,000 ",0,1,0,1,1,1,0,Aged ~2 bln,Clearance 20-40% / bundling
OPS399,Geek Vape Wenax M2 Pod Leather Series - Oak Grey,POD SYSTEM 2026,3,"  140,000 "," Rp 420,000 ",0,1,0,1,1,1,0,Aged ~2 bln,Clearance 20-40% / bundling
OPS398,Geek Vape Wenax M2 Pod Leather Series - Harves Gold,POD SYSTEM 2026,3,"  140,000 "," Rp 420,000 ",0,1,0,1,1,1,0,Aged ~2 bln,Clearance 20-40% / bundling
OPS397,Geek Vape Wenax M2 Pod Leather Series - Dune Mocha,POD SYSTEM 2026,3,"  140,000 "," Rp 420,000 ",0,1,0,1,1,1,0,Aged ~2 bln,Clearance 20-40% / bundling
el194,Dovpo Vee 2 Panda 200W Mod - Red,Electrical Mods,1,"  420,000 "," Rp 420,000 ",1,1,1,0,0,0,0,Aged ≥ 3 bln,Clearance 20-40% / bundling
el191,Dovpo Vee 2 Panda 200W Mod - Orange,Electrical Mods,1,"  420,000 "," Rp 420,000 ",1,1,1,0,0,0,0,Aged ≥ 3 bln,Clearance 20-40% / bundling
dt284,909 Modify Drip Tip Type 1 Squere - Lime,Drip Tips And Caps,3,"  140,000 "," Rp 420,000 ",3,3,1,1,0,1,0,Aged ≥ 3 bln,Clearance 20-40% / bundling
dt277,909 Modify Drip Tip Type 2 Rectangle - Lime,Drip Tips And Caps,3,"  140,000 "," Rp 420,000 ",3,3,1,1,0,1,0,Aged ≥ 3 bln,Clearance 20-40% / bundling
rc210,Voopoo TPP Platform Coil - TPP DM1 0.15 Ohm,Coil,15,"  27,362 "," Rp 410,437 ",15,15,3,3,3,3,3,Aged ≥ 3 bln,Clearance 20-40% / bundling
rc292,Lost Vape UB Mini Platform Coil - S1 0.8 Ohm,Coil,20,"  20,512 "," Rp 410,244 ",20,20,0,5,5,5,5,Aged ≥ 3 bln,Clearance 20-40% / bundling
st576,Voopoo Argus XT Mod 100W - Lime Green,SALE DEVICE POD,1,"  410,000 "," Rp 410,000 ",1,1,0,0,0,0,1,Aged ≥ 3 bln,Clearance 20-40% / bundling
SN569,"Traves Series Salt Nic 2026 - 30ml,12mg Tropical Punch",SALT NIC 2026,6,"  67,742 "," Rp 406,452 ",0,2,0,2,2,2,0,Aged ~2 bln,Clearance 20-40% / bundling
SN568,"Traves Series Salt Nic 2026 - 30ml,12mg Icy Honeydew Peachy",SALT NIC 2026,6,"  67,742 "," Rp 406,452 ",0,2,0,2,2,2,0,Aged ~2 bln,Clearance 20-40% / bundling
SN567,"Traves Series Salt Nic 2026 - 30ml,12mg Apple Breezing",SALT NIC 2026,6,"  67,742 "," Rp 406,452 ",0,2,0,2,2,2,0,Aged ~2 bln,Clearance 20-40% / bundling
st496,Aspire Minican V2 Pods System - Lime Green,SALE DEVICE POD,3,"  135,000 "," Rp 405,000 ",3,3,0,1,1,0,1,Aged ≥ 3 bln,Clearance 20-40% / bundling
st495,Aspire Minican V2 Pods System - Lavender Purple,SALE DEVICE POD,3,"  135,000 "," Rp 405,000 ",3,3,0,1,1,0,1,Aged ≥ 3 bln,Clearance 20-40% / bundling
st493,Aspire Minican V2 Pods System - Amber Yellow,SALE DEVICE POD,3,"  135,000 "," Rp 405,000 ",3,3,0,1,1,0,1,Aged ≥ 3 bln,Clearance 20-40% / bundling
RCRAFT170,"2026 - Liquid Paradewa Creamy Pods Friendly - 30ml,15mg Oatdin",RCRAFT 30ML 2026,6,"  67,500 "," Rp 405,000 ",0,2,0,2,2,2,0,Aged ~2 bln,Clearance 20-40% / bundling
rc125,Artha Pod Mod Empty Cartridge - Bright Black,Cartridge,9,"  45,000 "," Rp 405,000 ",9,9,0,2,3,2,2,Aged ≥ 3 bln,Clearance 20-40% / bundling
rc139,Voopoo Drag Nano 2 Cartridge - 1.2 Ohm,Cartridge,16,"  25,209 "," Rp 403,342 ",16,16,3,3,4,3,3,Aged ≥ 3 bln,Clearance 20-40% / bundling
st669,Voopoo Vmate Infinity Edition 900mAh 17W - Fancy Purple,SALE DEVICE POD,2,"  200,000 "," Rp 400,000 ",2,2,1,1,0,0,0,Aged ≥ 3 bln,Clearance 20-40% / bundling
rda49,Alexa Z Dual RDA 24mm - Stainless Steel,RDA,1,"  400,000 "," Rp 400,000 ",1,1,0,1,0,0,0,Aged ≥ 3 bln,Clearance 20-40% / bundling
ops1/724,Joiway X1 Pod Kit 1100mAh - Baby Blue,Open Pod System,2,"  200,000 "," Rp 400,000 ",2,2,1,1,0,0,0,Aged ≥ 3 bln,Clearance 20-40% / bundling
el256,VapX Meteor 510 Box Mod 80W 2000mAh - Stardust Gray,SALE DEVICE MOD,1,"  400,000 "," Rp 400,000 ",1,1,0,1,0,0,0,Aged ≥ 3 bln,Clearance 20-40% / bundling
acc192,San AIO Button Set - Purple,Parts Units,4,"  100,000 "," Rp 400,000 ",4,4,1,1,1,1,0,Aged ≥ 3 bln,Clearance 20-40% / bundling
acc190,San AIO Button Set - Orange,Parts Units,4,"  100,000 "," Rp 400,000 ",4,4,1,1,1,1,0,Aged ≥ 3 bln,Clearance 20-40% / bundling
acc189,San AIO Button Set - Green,Parts Units,4,"  100,000 "," Rp 400,000 ",4,4,1,1,1,1,0,Aged ≥ 3 bln,Clearance 20-40% / bundling
acc128,Vandy Vape Pulse Vessel Kit - Gunmetal,Parts Units,1,"  400,000 "," Rp 400,000 ",1,1,1,0,0,0,0,Aged ≥ 3 bln,Clearance 20-40% / bundling
acc109,Nitrous Beauty Ring And AF Ring - Black,Parts Units,4,"  100,000 "," Rp 400,000 ",4,4,1,1,1,1,0,Aged ≥ 3 bln,Clearance 20-40% / bundling
rc63,EIR Pod Coil - P3 01 0.8 Ohm,Coil,15,"  26,666 "," Rp 399,990 ",15,15,2,3,4,3,3,Aged ≥ 3 bln,Clearance 20-40% / bundling
bt29,"R Power Green Eco 18650 2200mAh 25A - 2200mAh,25A",Battery,12,"  33,020 "," Rp 396,241 ",12,12,4,0,4,4,0,Aged ≥ 3 bln,Clearance 20-40% / bundling
ap19,Sturdy x Lyon'K Pouch Fot Dot AIO - Thumbprint Yellow,Apparel,1,"  395,000 "," Rp 395,000 ",1,1,1,0,0,0,0,Aged ≥ 3 bln,Clearance 20-40% / bundling
ap18,Sturdy x Lyon'K Pouch Fot Dot AIO - Thumbprint Rasta,Apparel,1,"  395,000 "," Rp 395,000 ",1,1,0,0,1,0,0,Aged ≥ 3 bln,Clearance 20-40% / bundling
ap17,Sturdy x Lyon'K Pouch Fot Dot AIO - Thumbprint Mono,Apparel,1,"  395,000 "," Rp 395,000 ",1,1,0,0,0,1,0,Aged ≥ 3 bln,Clearance 20-40% / bundling
ap16,Sturdy x Lyon'K Pouch Fot Dot AIO - Marble Lava,Apparel,1,"  395,000 "," Rp 395,000 ",1,1,0,1,0,0,0,Aged ≥ 3 bln,Clearance 20-40% / bundling
ap12,Sturdy x Lyon'K Pouch Fot Dot AIO - Digicamo Orange,Apparel,1,"  395,000 "," Rp 395,000 ",1,1,0,1,0,0,0,Aged ≥ 3 bln,Clearance 20-40% / bundling
ap10,Sturdy x Lyon'K Pouch Fot Dot AIO - Digicamo Grey,Apparel,1,"  395,000 "," Rp 395,000 ",1,1,0,0,1,0,0,Aged ≥ 3 bln,Clearance 20-40% / bundling
acc155,Veepon Tita RBA - Stainless Steel,Parts Units,1,"  395,000 "," Rp 395,000 ",1,1,0,0,1,0,0,Aged ≥ 3 bln,Clearance 20-40% / bundling
pre25,Jobrelo x Fatriio - Single Coil - 0.40 Ohm,Wire,9,"  43,525 "," Rp 391,729 ",9,9,1,4,2,2,0,Aged ≥ 3 bln,Clearance 20-40% / bundling
st1329,Aspire Fluffi Pod Kit 20W 1500mAh - Purple,Pod System,2,"  195,000 "," Rp 390,000 ",2,2,0,0,1,1,0,Aged ≥ 3 bln,Clearance 20-40% / bundling
st1326,Aspire Fluffi Pod Kit 20W 1500mAh - Blue,Pod System,2,"  195,000 "," Rp 390,000 ",3,2,0,1,0,1,0,Aged ≥ 3 bln,Clearance 20-40% / bundling
st1094,Hannya Airtok Mythical Pod Kit SE - Samurai,SALE DEVICE POD,3,"  130,000 "," Rp 390,000 ",3,3,0,1,1,0,1,Aged ≥ 3 bln,Clearance 20-40% / bundling
st1091,Hannya Airtok Mythical Pod Kit SE - Fujin,SALE DEVICE POD,3,"  130,000 "," Rp 390,000 ",3,3,0,1,1,0,1,Aged ≥ 3 bln,Clearance 20-40% / bundling
st1076,Hannya Airtok Pod SE 650mAh - Myth Barong,SALE DEVICE POD,3,"  130,000 "," Rp 390,000 ",3,3,0,1,1,0,1,Aged ≥ 3 bln,Clearance 20-40% / bundling
rc152,Aspire BP Mesh Coil - 0.3 Ohm,Coil,15,"  26,000 "," Rp 390,000 ",15,15,0,5,5,5,0,Aged ≥ 3 bln,Clearance 20-40% / bundling
ops221/1224,Lost Vape Ursa Baby 3 Pod Kit - Oak Wood,Open Pod System,2,"  195,000 "," Rp 390,000 ",2,2,0,1,1,0,0,Aged ≥ 3 bln,Clearance 20-40% / bundling
el623,Lost Vape Centaurus M100 Reguler Edition - Knight Black,Electrical Mods,1,"  390,000 "," Rp 390,000 ",1,1,1,0,0,0,0,Aged ≥ 3 bln,Clearance 20-40% / bundling
dt19,dOs Bell Cap RTA By Q2 Design x Advken - Clear,Drip Tips And Caps,6,"  65,000 "," Rp 390,000 ",6,6,2,2,0,2,0,Aged ≥ 3 bln,Clearance 20-40% / bundling
cot01,Monster Cotton - Reguler,Cotton,26,"  15,000 "," Rp 390,000 ",26,26,5,5,5,6,5,Aged ≥ 3 bln,Clearance 20-40% / bundling
el102,Lost Vape Centaurus Q200 Box Mod - CF Sierra Blue,SALE DEVICE MOD,1,"  380,000 "," Rp 380,000 ",1,1,0,0,0,1,0,Aged ≥ 3 bln,Clearance 20-40% / bundling
st407,Druga Foxy Pod 500mAh - Brown,SALE DEVICE POD,3,"  125,000 "," Rp 375,000 ",3,3,0,2,0,0,1,Aged ≥ 3 bln,Clearance 20-40% / bundling
st405,Druga Foxy Pod 500mAh - Black,SALE DEVICE POD,3,"  125,000 "," Rp 375,000 ",3,3,0,2,0,0,1,Aged ≥ 3 bln,Clearance 20-40% / bundling
rc245,Lost Vape Ursa UB Lite Mesh Coil - L6 1.0 Ohm,Coil,15,"  25,000 "," Rp 375,000 ",15,15,5,4,4,2,0,Aged ≥ 3 bln,Clearance 20-40% / bundling
dt268,Famles Drip Tip Titanium Vibranium 510 - Electrify,Drip Tips And Caps,1,"  375,000 "," Rp 375,000 ",1,1,0,0,1,0,0,Aged ≥ 3 bln,Clearance 20-40% / bundling
co140,Asvape Hita Replacement Coil - DTL Mesh 0.5 Ohm,Coil,15,"  25,000 "," Rp 375,000 ",15,15,0,5,0,5,5,Aged ≥ 3 bln,Clearance 20-40% / bundling
bb3,Billet Box Metal Decal Sticker - Silver,Superior,3,"  125,000 "," Rp 375,000 ",3,3,1,1,1,0,0,Aged ≥ 3 bln,Clearance 20-40% / bundling
bb2,Billet Box Metal Decal Sticker - Gold,Superior,3,"  125,000 "," Rp 375,000 ",3,3,1,1,1,0,0,Aged ≥ 3 bln,Clearance 20-40% / bundling
bb1,Billet Box Metal Decal Sticker - Black,Superior,3,"  125,000 "," Rp 375,000 ",3,3,1,1,1,0,0,Aged ≥ 3 bln,Clearance 20-40% / bundling
st1093,Hannya Airtok Mythical Pod Kit SE - Raijin,SALE DEVICE POD,3,"  124,923 "," Rp 374,769 ",3,3,0,1,1,0,1,Aged ≥ 3 bln,Clearance 20-40% / bundling
st975,Nevoks APX C1 Pod System 30W - Snow Mountain,SALE DEVICE POD,2,"  185,000 "," Rp 370,000 ",2,2,0,1,1,0,0,Aged ≥ 3 bln,Clearance 20-40% / bundling
st974,Nevoks APX C1 Pod System 30W - Summer Waves,SALE DEVICE POD,2,"  185,000 "," Rp 370,000 ",2,2,0,1,0,0,1,Aged ≥ 3 bln,Clearance 20-40% / bundling
st972,Nevoks APX C1 Pod System 30W - Flowing Night,SALE DEVICE POD,2,"  185,000 "," Rp 370,000 ",2,2,0,1,1,0,0,Aged ≥ 3 bln,Clearance 20-40% / bundling
st971,Nevoks APX C1 Pod System 30W - Crystal Purple,SALE DEVICE POD,2,"  185,000 "," Rp 370,000 ",2,2,0,1,1,0,0,Aged ≥ 3 bln,Clearance 20-40% / bundling
st970,Nevoks APX C1 Pod System 30W - Blush Pink,SALE DEVICE POD,2,"  185,000 "," Rp 370,000 ",2,2,0,1,1,0,0,Aged ≥ 3 bln,Clearance 20-40% / bundling
st449,EIR Pod Kit 18W 800mAh - Legend Black,SALE DEVICE POD,2,"  185,000 "," Rp 370,000 ",2,2,0,0,1,0,1,Aged ≥ 3 bln,Clearance 20-40% / bundling
rta214,asMODus Anani V2 MTL RTA x D121 - Silver Matte,SALE RTA,1,"  370,000 "," Rp 370,000 ",1,1,0,1,0,0,0,Aged ≥ 3 bln,Clearance 20-40% / bundling
el231,Dovpo MVV2 JR57 Edition Mod 280W - Acrobatics Edition,SALE DEVICE MOD,1,"  370,000 "," Rp 370,000 ",1,1,0,1,0,0,0,Aged ≥ 3 bln,Clearance 20-40% / bundling
st1075,Hannya Airtok Pod SE 650mAh - Mecha Onia,SALE DEVICE POD,3,"  121,333 "," Rp 364,000 ",3,3,0,1,1,0,1,Aged ≥ 3 bln,Clearance 20-40% / bundling
st1077,Hannya Airtok Pod SE 650mAh - Year of Rabbit,SALE DEVICE POD,3,"  121,080 "," Rp 363,241 ",3,3,0,1,1,0,1,Aged ≥ 3 bln,Clearance 20-40% / bundling
FB6,"Lunar Ice Cream Series Japanese Cukai 2025 - 60ml,6mg",Freebase 2025,3,"  120,968 "," Rp 362,903 ",3,3,2,0,0,0,1,Aged ≥ 3 bln,Clearance 20-40% / bundling
st1162,Lost Vape Ursa Baby 2 900mAh - Joy Green x Pixel Role,Pod System,2,"  180,000 "," Rp 360,000 ",2,2,1,1,0,0,0,Aged ≥ 3 bln,Clearance 20-40% / bundling
SN555,"Ommo One Fruity Series Salt Nic - 30ml,15mg Melon",SALT NIC 2026,6,"  60,000 "," Rp 360,000 ",0,2,0,2,2,2,0,Aged ~2 bln,Clearance 20-40% / bundling
rc94,SMok RPM Empty Cartridge Coil Nord Version - Black,Cartridge,12,"  30,000 "," Rp 360,000 ",12,12,3,3,0,3,3,Aged ≥ 3 bln,Clearance 20-40% / bundling
rc394,Sweet And Smooth Shark Cartridge - 0.6 Ohm,Cartridge,18,"  20,000 "," Rp 360,000 ",18,18,6,4,2,6,0,Aged ≥ 3 bln,Clearance 20-40% / bundling
acc361,MKMODS Panel Dot AIO V2 Different - Black,Parts Units,2,"  180,000 "," Rp 360,000 ",2,2,1,0,0,1,0,Aged ≥ 3 bln,Clearance 20-40% / bundling
FB114,"SUX V1 Blueberry Choux Cukai 2025 - 60ml,3mg",Freebase 2025,3,"  118,548 "," Rp 355,645 ",3,3,0,2,0,0,1,Aged ≥ 3 bln,Clearance 20-40% / bundling
st1411,Asmodus Minikin Pod Kit 2000mAh - Gunmetal,Pod System,1,"  350,000 "," Rp 350,000 ",1,1,0,0,1,0,0,Aged ≥ 3 bln,Clearance 20-40% / bundling
st1410,Asmodus Minikin Pod Kit 2000mAh - Black,Pod System,1,"  350,000 "," Rp 350,000 ",1,1,0,0,0,1,0,Aged ≥ 3 bln,Clearance 20-40% / bundling
ops82/824,Aspire Cloudflask X Pod Kit - Azure,Open Pod System,1,"  350,000 "," Rp 350,000 ",2,1,0,1,0,0,0,Aged ≥ 3 bln,Clearance 20-40% / bundling
acc326,SXK DotMOBB RBA Tank - Stainless Steel,Parts Units,1,"  350,000 "," Rp 350,000 ",1,1,0,0,0,1,0,Aged ≥ 3 bln,Clearance 20-40% / bundling
acc325,SXK DotMOBB RBA Tank - Gold,Parts Units,1,"  350,000 "," Rp 350,000 ",1,1,0,0,0,1,0,Aged ≥ 3 bln,Clearance 20-40% / bundling
acc130,Vandy Vape Pulse Vessel Kit - Stainless Steel,Parts Units,1,"  350,000 "," Rp 350,000 ",1,1,0,1,0,0,0,Aged ≥ 3 bln,Clearance 20-40% / bundling
rta212,asMODus Anani V2 MTL RTA x D121 - Black,SALE RTA,1,"  345,000 "," Rp 345,000 ",1,1,0,1,0,0,0,Aged ≥ 3 bln,Clearance 20-40% / bundling
ops97/924,Sweet And Smooth ROLV Rocket Pod System 30W 1000mAh - Grey,Open Pod System,3,"  115,000 "," Rp 345,000 ",3,3,0,0,1,2,0,Aged ≥ 3 bln,Clearance 20-40% / bundling
ops96/924,Sweet And Smooth ROLV Rocket Pod System 30W 1000mAh - Gold,Open Pod System,3,"  115,000 "," Rp 345,000 ",3,3,2,0,1,0,0,Aged ≥ 3 bln,Clearance 20-40% / bundling
FB57,"Friends And Enemies Cukai 2025 - 60ml,6mg",Freebase 2025,3,"  115,000 "," Rp 345,000 ",3,3,2,0,1,0,0,Aged ≥ 3 bln,Clearance 20-40% / bundling
st862,Uwell Aeglos P1 80W Pod Mod Kit - Wine Red,SALE DEVICE MOD,1,"  340,000 "," Rp 340,000 ",1,1,0,1,0,0,0,Aged ≥ 3 bln,Clearance 20-40% / bundling
st861,Uwell Aeglos P1 80W Pod Mod Kit - Saddle Tan,SALE DEVICE MOD,1,"  340,000 "," Rp 340,000 ",1,1,0,1,0,0,0,Aged ≥ 3 bln,Clearance 20-40% / bundling
st860,Uwell Aeglos P1 80W Pod Mod Kit - Reddish Brown,SALE DEVICE MOD,1,"  340,000 "," Rp 340,000 ",1,1,0,1,0,0,0,Aged ≥ 3 bln,Clearance 20-40% / bundling
st858,Uwell Aeglos P1 80W Pod Mod Kit - Dark Blue,SALE DEVICE MOD,1,"  340,000 "," Rp 340,000 ",1,1,0,1,0,0,0,Aged ≥ 3 bln,Clearance 20-40% / bundling
st1277,Hannya Nano Pod 900mAh - Clear Lake,SALE DEVICE POD,2,"  170,000 "," Rp 340,000 ",2,2,0,1,1,0,0,Aged ≥ 3 bln,Clearance 20-40% / bundling
st1276,Hannya Nano Pod 900mAh - Agate Green,SALE DEVICE POD,2,"  170,000 "," Rp 340,000 ",2,2,0,1,1,0,0,Aged ≥ 3 bln,Clearance 20-40% / bundling
rda453,Wasp Nano RDA Plus 24mm - Noisy Green,SALE RDA,2,"  170,000 "," Rp 340,000 ",2,2,0,1,0,1,0,Aged ≥ 3 bln,Clearance 20-40% / bundling
rc414,Voopoo PNP X DTL Catridge No Adaptor - Gray,Cartridge,8,"  42,500 "," Rp 340,000 ",8,8,2,2,0,2,2,Aged ≥ 3 bln,Clearance 20-40% / bundling
rc413,Voopoo PNP X DTL Catridge No Adaptor - Black,Cartridge,8,"  42,500 "," Rp 340,000 ",9,9,2,1,1,2,2,Aged ≥ 3 bln,Clearance 20-40% / bundling
rc282,Vapor Bucks Free SX Pod OCC Coil - 1.0 Ohm,Coil,20,"  17,000 "," Rp 340,000 ",20,20,0,5,5,5,5,Aged ≥ 3 bln,Clearance 20-40% / bundling
el295,Wotofo MDUra Box Mod 200W - Orange King Kong,SALE DEVICE MOD,1,"  340,000 "," Rp 340,000 ",1,1,0,0,1,0,0,Aged ≥ 3 bln,Clearance 20-40% / bundling
ch03,Nitecore UM2 Charger - 2 Slot,Charger,2,"  170,000 "," Rp 340,000 ",2,2,0,0,2,0,0,Aged ≥ 3 bln,Clearance 20-40% / bundling
acc164,AN RDA V2 AFC Ring - Matte Gunmetal,Parts Units,2,"  170,000 "," Rp 340,000 ",2,2,1,0,1,0,0,Aged ≥ 3 bln,Clearance 20-40% / bundling
acc10,SXK - Resin Door For Billet Box - Blue,Parts Units,2,"  170,000 "," Rp 340,000 ",2,2,0,1,1,0,0,Aged ≥ 3 bln,Clearance 20-40% / bundling
rda75,Nitrous RDA 24mm With Tank - Violetta,RDA,1,"  335,000 "," Rp 335,000 ",1,1,1,0,0,0,0,Aged ≥ 3 bln,Clearance 20-40% / bundling
rda443,Nitrous RDA 24mm With Tank - Yellow Jacket,RDA,1,"  335,000 "," Rp 335,000 ",1,1,1,0,0,0,0,Aged ≥ 3 bln,Clearance 20-40% / bundling
el93,Vaporesso GEN S 220W TC Box Mod - Gold,SALE DEVICE MOD,1,"  335,000 "," Rp 335,000 ",1,1,1,0,0,0,0,Aged ≥ 3 bln,Clearance 20-40% / bundling
rc211,Voopoo TPP Platform Coil - TPP DM2 0.2 Ohm,Coil,12,"  27,519 "," Rp 330,224 ",12,12,3,3,0,3,3,Aged ≥ 3 bln,Clearance 20-40% / bundling
rda33,Oris RDA 24mm Dual Bottom Airflow - Gunmetal,SALE RDA,1,"  330,000 "," Rp 330,000 ",1,1,1,0,0,0,0,Aged ≥ 3 bln,Clearance 20-40% / bundling
ct60,Uwell Yearn Neat 2 Cartridge - 0.9 Ohm,Cartridge,11,"  30,000 "," Rp 330,000 ",11,11,3,2,2,2,2,Aged ≥ 3 bln,Clearance 20-40% / bundling
ct324,Voopoo Vinci 3 Empty Cartridge - 4ml,Cartridge,11,"  30,000 "," Rp 330,000 ",11,11,2,2,3,2,2,Aged ≥ 3 bln,Clearance 20-40% / bundling
acc60,Artha Pod Mod Adapter - Standard,Parts Units,6,"  54,688 "," Rp 328,125 ",6,6,0,2,2,2,0,Aged ≥ 3 bln,Clearance 20-40% / bundling
st660,SMok Thallo S Pod Mod Kit 100W - Fluid Gold,SALE DEVICE POD,1,"  320,000 "," Rp 320,000 ",1,1,0,1,0,0,0,Aged ≥ 3 bln,Clearance 20-40% / bundling
st659,SMok Thallo S Pod Mod Kit 100W - Fluid Blue,SALE DEVICE POD,1,"  320,000 "," Rp 320,000 ",1,1,0,1,0,0,0,Aged ≥ 3 bln,Clearance 20-40% / bundling
st658,SMok Thallo S Pod Mod Kit 100W - Fluid Black Red,SALE DEVICE POD,1,"  320,000 "," Rp 320,000 ",1,1,0,1,0,0,0,Aged ≥ 3 bln,Clearance 20-40% / bundling
st268,Avocado AIO 1600mAh 40W - Charcoal Grey,All In One System,2,"  160,000 "," Rp 320,000 ",2,2,0,1,0,0,1,Aged ≥ 3 bln,Clearance 20-40% / bundling
st267,Avocado AIO 1600mAh 40W - Avocado Green,All In One System,2,"  160,000 "," Rp 320,000 ",2,2,0,1,0,0,1,Aged ≥ 3 bln,Clearance 20-40% / bundling
st197,Uwell Caliburn Tenet Koko Pod System 18W 950Mah - Red And Black,SALE DEVICE POD,1,"  320,000 "," Rp 320,000 ",1,1,0,0,1,0,0,Aged ≥ 3 bln,Clearance 20-40% / bundling
st1231,IYKYK Pod Kit 900mAh - Red,SALE DEVICE POD,1,"  320,000 "," Rp 320,000 ",1,1,0,0,1,0,0,Aged ≥ 3 bln,Clearance 20-40% / bundling
st1230,IYKYK Pod Kit 900mAh - Lemon,SALE DEVICE POD,1,"  320,000 "," Rp 320,000 ",1,1,0,0,1,0,0,Aged ≥ 3 bln,Clearance 20-40% / bundling
st1229,IYKYK Pod Kit 900mAh - Fuchsia,SALE DEVICE POD,1,"  320,000 "," Rp 320,000 ",1,1,0,0,1,0,0,Aged ≥ 3 bln,Clearance 20-40% / bundling
ls247,Husky Bundling Argus G2 Mini 30ml 30mg Cukai 2024 - Yoggi Doggi,Open Pod System,2,"  160,000 "," Rp 320,000 ",2,2,1,0,1,0,0,Aged ≥ 3 bln,Clearance 20-40% / bundling
ls243,Husky Bundling Argus G2 Mini 30ml 30mg Cukai 2024 - Sweet Buckshot,Open Pod System,2,"  160,000 "," Rp 320,000 ",2,2,0,1,1,0,0,Aged ≥ 3 bln,Clearance 20-40% / bundling
ls238,Husky Bundling Argus G2 Mini 30ml 30mg Cukai 2024 - Mint Wind,Open Pod System,2,"  160,000 "," Rp 320,000 ",2,2,1,0,1,0,0,Aged ≥ 3 bln,Clearance 20-40% / bundling
co66,Phoenix Wire Ni80 - 3M - 30Awg,Wire,16,"  20,000 "," Rp 320,000 ",16,16,0,5,6,0,5,Aged ≥ 3 bln,Clearance 20-40% / bundling
acc113,Nitrous Beauty Ring And AF Ring - Gold,Parts Units,4,"  80,000 "," Rp 320,000 ",4,4,2,1,1,0,0,Aged ≥ 3 bln,Clearance 20-40% / bundling
rc109,Upods Cube Coil - Mesh 0.3 Ohm,Coil,12,"  26,400 "," Rp 316,800 ",12,12,5,7,0,0,0,Aged ≥ 3 bln,Clearance 20-40% / bundling
USA40,"Fruit Monster Blueberry Raspberry Cukai 2025 - 60ml,3mg",USA 60ml 2025,2,"  155,000 "," Rp 310,000 ",2,2,0,1,0,0,1,Aged ≥ 3 bln,Clearance 20-40% / bundling
st856,Vapefly Galaxies Starter Kit 30W 950mah - Brown,SALE DEVICE MOD,1,"  310,000 "," Rp 310,000 ",1,1,0,1,0,0,0,Aged ≥ 3 bln,Clearance 20-40% / bundling
st853,Vapefly Galaxies Starter Kit 30W 950mah - Black,SALE DEVICE MOD,1,"  310,000 "," Rp 310,000 ",1,1,0,1,0,0,0,Aged ≥ 3 bln,Clearance 20-40% / bundling
st432,Voopoo Drag Q Pod 1250mAh - Classic Red,All In One System,1,"  310,000 "," Rp 310,000 ",1,1,0,0,0,0,1,Aged ≥ 3 bln,Clearance 20-40% / bundling
st185,Dotmod Dotpod Nano Pod Kit - Orange,Pod System 2025,1,"  310,000 "," Rp 310,000 ",1,1,0,1,0,0,0,Aged ≥ 3 bln,Clearance 20-40% / bundling
st1146,Voopoo Drag H40 AIO 1500mAh - Pink,All In One System,1,"  310,000 "," Rp 310,000 ",1,1,1,0,0,0,0,Aged ≥ 3 bln,Clearance 20-40% / bundling
st1145,Voopoo Drag H40 AIO 1500mAh - Modern Red,All In One System,1,"  310,000 "," Rp 310,000 ",1,1,0,1,0,0,0,Aged ≥ 3 bln,Clearance 20-40% / bundling
rta351,Eclipse Yachtvape Dual RTA 24mm - SS,RTA,1,"  310,000 "," Rp 310,000 ",1,1,0,0,0,0,1,Aged ≥ 3 bln,Clearance 20-40% / bundling
ops105/924,Sweet And Smooth Shark Pod System 1000mAh - Purple,Open Pod System,2,"  155,000 "," Rp 310,000 ",2,2,1,0,1,0,0,Aged ≥ 3 bln,Clearance 20-40% / bundling
acc321,SXK Dot AIO Sturdy Kit 2 Panel - Black Susco,Parts Units,1,"  310,000 "," Rp 310,000 ",1,1,0,0,0,1,0,Aged ≥ 3 bln,Clearance 20-40% / bundling
rc71,OXVA Velocity Unipro Coil - 0.15 Ohm,Coil,11,"  28,000 "," Rp 308,000 ",11,11,5,0,4,2,0,Aged ≥ 3 bln,Clearance 20-40% / bundling
st617,Voopoo Drag S 2500mAh 60W Pod Kit - Marsala,All In One System,1,"  305,000 "," Rp 305,000 ",1,1,0,0,0,0,1,Aged ≥ 3 bln,Clearance 20-40% / bundling
ops238/0125,Foom X Pod Bundling Liquid Brilliant Gold 15ml - Icy Berry,Open Pod System,2,"  150,500 "," Rp 301,000 ",2,2,0,1,0,1,0,Aged ≥ 3 bln,Clearance 20-40% / bundling
ops237/0125,Foom X Pod Bundling Liquid Brilliant Gold 15ml - Iced Tea,Open Pod System,2,"  150,500 "," Rp 301,000 ",3,2,0,1,1,0,0,Aged ≥ 3 bln,Clearance 20-40% / bundling
wr08,TRML Wrap Battery 18650 - Sticker Colorfull,Parts Units,3,"  100,000 "," Rp 300,000 ",3,3,1,0,1,1,0,Aged ≥ 3 bln,Clearance 20-40% / bundling
st896,KUGA Rocketman Pod System 580mAh - Black,SALE DEVICE POD,2,"  150,000 "," Rp 300,000 ",2,2,0,0,2,0,0,Aged ≥ 3 bln,Clearance 20-40% / bundling
st686,Uwell Caliburn Tenet Pod System 16W 750Mah - Copper Red,SALE DEVICE POD,1,"  300,000 "," Rp 300,000 ",1,1,0,1,0,0,0,Aged ≥ 3 bln,Clearance 20-40% / bundling
st615,Voopoo Drag X 80W Pod Mod Kit - Iron Knight,SALE DEVICE MOD,1,"  300,000 "," Rp 300,000 ",1,1,0,1,0,0,0,Aged ≥ 3 bln,Clearance 20-40% / bundling
st482,Voopoo Drag X 80W Pod Mod Kit - Mashup,SALE DEVICE MOD,1,"  300,000 "," Rp 300,000 ",1,1,0,1,0,0,0,Aged ≥ 3 bln,Clearance 20-40% / bundling
st481,Voopoo Drag X 80W Pod Mod Kit - Marsala,SALE DEVICE MOD,1,"  300,000 "," Rp 300,000 ",1,1,0,1,0,0,0,Aged ≥ 3 bln,Clearance 20-40% / bundling
st479,Voopoo Drag X 80W Pod Mod Kit - Classic,SALE DEVICE MOD,1,"  300,000 "," Rp 300,000 ",1,1,0,1,0,0,0,Aged ≥ 3 bln,Clearance 20-40% / bundling
st1057,Lost Vape Ursa Pocket 1200mAh 30W - Saiyan Trunk,SALE DEVICE POD,1,"  300,000 "," Rp 300,000 ",1,1,0,0,1,0,0,Aged ≥ 3 bln,Clearance 20-40% / bundling
st1056,Lost Vape Ursa Pocket 1200mAh 30W - Nes Red,SALE DEVICE POD,1,"  300,000 "," Rp 300,000 ",1,1,0,0,1,0,0,Aged ≥ 3 bln,Clearance 20-40% / bundling
rta356,TOT RTA 24mm Glossy Edition By Air Vape - White,RTA,1,"  300,000 "," Rp 300,000 ",1,1,0,0,0,0,1,Aged ≥ 3 bln,Clearance 20-40% / bundling
rda162,Druga 2 RDA 24mm - Purple,SALE RDA,1,"  300,000 "," Rp 300,000 ",1,1,0,0,1,0,0,Aged ≥ 3 bln,Clearance 20-40% / bundling
rc47,Thumb V4 Cartridge - Transparent White,TRX,10,"  30,000 "," Rp 300,000 ",10,10,0,10,0,0,0,Aged ≥ 3 bln,Clearance 20-40% / bundling
rc104,AAA Matrix Replacement Coil - Mesh 0.15 Ohm,Coil,10,"  30,000 "," Rp 300,000 ",10,10,0,5,0,0,5,Aged ≥ 3 bln,Clearance 20-40% / bundling
PODA127,"2026 - The O Rama Juice High Nic Series - 30ml,9mg Bacco Tea",PODA 30ML 2026,6,"  50,000 "," Rp 300,000 ",0,2,0,2,2,2,0,Aged ~2 bln,Clearance 20-40% / bundling
co36,Tobeco Super Tank Replacement Coil - 0.2 Ohm,Coil,10,"  30,000 "," Rp 300,000 ",10,10,0,0,0,5,5,Aged ≥ 3 bln,Clearance 20-40% / bundling
acc403,San Dynasty Panel Battery Cover - Lerro GM,Parts Units,4,"  75,000 "," Rp 300,000 ",4,4,1,1,1,1,0,Aged ≥ 3 bln,Clearance 20-40% / bundling
acc398,San Dynasty Panel Battery Cover - Drei SS,Parts Units,4,"  75,000 "," Rp 300,000 ",4,4,1,1,1,1,0,Aged ≥ 3 bln,Clearance 20-40% / bundling
acc397,San Dynasty Panel Battery Cover - Drei GM,Parts Units,4,"  75,000 "," Rp 300,000 ",4,4,1,1,1,1,0,Aged ≥ 3 bln,Clearance 20-40% / bundling
acc393,Dotmod dotTip Aero - Red,Parts Units,4,"  75,000 "," Rp 300,000 ",4,4,1,1,1,1,0,Aged ≥ 3 bln,Clearance 20-40% / bundling
acc193,San AIO Button Set - Red,Parts Units,3,"  100,000 "," Rp 300,000 ",3,3,1,0,1,1,0,Aged ≥ 3 bln,Clearance 20-40% / bundling
acc188,San AIO Button Set - Gold,Parts Units,3,"  100,000 "," Rp 300,000 ",3,3,1,1,0,1,0,Aged ≥ 3 bln,Clearance 20-40% / bundling
acc187,San AIO Button Set - Clear,Parts Units,3,"  100,000 "," Rp 300,000 ",3,3,1,0,1,1,0,Aged ≥ 3 bln,Clearance 20-40% / bundling
acc186,San AIO Button Set - Blue,Parts Units,3,"  100,000 "," Rp 300,000 ",3,3,1,0,1,1,0,Aged ≥ 3 bln,Clearance 20-40% / bundling
acc179,Crypt Boro Tank By Suicide Mods - Soft Purple,Parts Units,1,"  300,000 "," Rp 300,000 ",1,1,1,0,0,0,0,Aged ≥ 3 bln,Clearance 20-40% / bundling
acc177,Crypt Boro Tank By Suicide Mods - Soft Pink,Parts Units,1,"  300,000 "," Rp 300,000 ",1,1,0,0,0,1,0,Aged ≥ 3 bln,Clearance 20-40% / bundling
acc169,Crypt Boro Tank By Suicide Mods - Blue,Parts Units,1,"  300,000 "," Rp 300,000 ",1,1,0,0,0,1,0,Aged ≥ 3 bln,Clearance 20-40% / bundling
acc168,Crypt Boro Tank By Suicide Mods - Amber,Parts Units,1,"  300,000 "," Rp 300,000 ",1,1,0,0,0,1,0,Aged ≥ 3 bln,Clearance 20-40% / bundling
rta40,Aspire Nautilus GT Tank Anniversary Edition 4.2ml - Black Titanium,RTA,1,"  295,000 "," Rp 295,000 ",1,1,0,0,1,0,0,Aged ≥ 3 bln,Clearance 20-40% / bundling
rta360,Dead Rabbit Solo RTA 24mm - Matte Black,RTA,1,"  295,000 "," Rp 295,000 ",1,1,0,1,0,0,0,Aged ≥ 3 bln,Clearance 20-40% / bundling
rta357,Dead Rabbit Solo RTA 24mm - Blue,RTA,1,"  295,000 "," Rp 295,000 ",2,1,0,0,0,1,0,Aged ≥ 3 bln,Clearance 20-40% / bundling
rda17,Dead Rabbit V3 RDA 24mm By Hellvape - Gold,RDA,1,"  295,000 "," Rp 295,000 ",1,1,0,1,0,0,0,Aged ≥ 3 bln,Clearance 20-40% / bundling
st1364,Voopoo Argus P2 1100mAh 30W - Violet Purple,SALE DEVICE POD,1,"  290,000 "," Rp 290,000 ",1,1,0,1,0,0,0,Aged ≥ 3 bln,Clearance 20-40% / bundling
st1362,Voopoo Argus P2 1100mAh 30W - Ruby Red,SALE DEVICE POD,1,"  290,000 "," Rp 290,000 ",1,1,0,1,0,0,0,Aged ≥ 3 bln,Clearance 20-40% / bundling
st1360,Voopoo Argus P2 1100mAh 30W - Neon Blue,SALE DEVICE POD,1,"  290,000 "," Rp 290,000 ",1,1,0,1,0,0,0,Aged ≥ 3 bln,Clearance 20-40% / bundling
st1184,Dotmod Switch R Pod System 1000mAh - Sunburst Orange,Pod System 2025,2,"  145,000 "," Rp 290,000 ",2,2,1,0,0,1,0,Aged ≥ 3 bln,Clearance 20-40% / bundling
ops16/724,Elf X Pod Kit 30W 1000mAh - Gray,Open Pod System,2,"  145,000 "," Rp 290,000 ",2,2,0,0,1,1,0,Aged ≥ 3 bln,Clearance 20-40% / bundling
ops14/724,Elf X Pod Kit 30W 1000mAh - Black,Open Pod System,2,"  145,000 "," Rp 290,000 ",2,2,1,0,1,0,0,Aged ≥ 3 bln,Clearance 20-40% / bundling
OPS1/0125,Aspire Pixo Pod RSV Limited Edition - Mechabuto,Pod System 2025,1,"  290,000 "," Rp 290,000 ",1,1,0,0,0,1,0,Aged ≥ 3 bln,Clearance 20-40% / bundling
ct18,Druga Foxy Pod Cartridge - 1.0 ohm,Cartridge,12,"  24,000 "," Rp 288,000 ",12,12,0,9,0,0,3,Aged ≥ 3 bln,Clearance 20-40% / bundling
rta368,Stalk RTA 24mm - Matte Black,RTA,1,"  285,000 "," Rp 285,000 ",1,1,0,0,0,1,0,Aged ≥ 3 bln,Clearance 20-40% / bundling
st946,Voopoo Vinci 3 Mod Pod Kit 50W - Rose Gold,SALE DEVICE MOD,1,"  280,000 "," Rp 280,000 ",1,1,0,1,0,0,0,Aged ≥ 3 bln,Clearance 20-40% / bundling
st945,Voopoo Vinci 3 Mod Pod Kit 50W - CF Blue,SALE DEVICE MOD,1,"  280,000 "," Rp 280,000 ",1,1,1,0,0,0,0,Aged ≥ 3 bln,Clearance 20-40% / bundling
st942,Voopoo Vinci 3 Mod Pod Kit 50W - Aurora Blue,Pod System,1,"  280,000 "," Rp 280,000 ",1,1,0,0,0,0,1,Aged ≥ 3 bln,Clearance 20-40% / bundling
rta201,dOs RTA 22mm By Q2 Design x Advken - Silver,PROMOTION DEVICE,1,"  280,000 "," Rp 280,000 ",1,1,0,0,1,0,0,Aged ≥ 3 bln,Clearance 20-40% / bundling
rc284,Geek Vape Wenax H1 Cartridge - 1.4 Ohm,Cartridge,10,"  28,000 "," Rp 280,000 ",10,10,5,2,0,3,0,Aged ≥ 3 bln,Clearance 20-40% / bundling
acc63,Dovpo Futon Ohm Tab BP Mods - Mask,Tools,1,"  280,000 "," Rp 280,000 ",1,1,0,0,0,1,0,Aged ≥ 3 bln,Clearance 20-40% / bundling
acc207,SXK Rubber Kit Boro Tank - Red,Parts Units,8,"  35,000 "," Rp 280,000 ",8,8,2,2,2,2,0,Aged ≥ 3 bln,Clearance 20-40% / bundling
rc390,Aspire Cloudflask X Empty Cartridge - 5ml,Cartridge,9,"  30,580 "," Rp 275,223 ",9,9,2,2,2,2,1,Aged ≥ 3 bln,Clearance 20-40% / bundling
st962,Moti Play Pod Kit 30W - Pearl White,Pod System,1,"  275,000 "," Rp 275,000 ",1,1,0,0,0,0,1,Aged ≥ 3 bln,Clearance 20-40% / bundling
st960,Moti Play Pod Kit 30W - Dark Purple,Pod System,1,"  275,000 "," Rp 275,000 ",1,1,0,0,0,1,0,Aged ≥ 3 bln,Clearance 20-40% / bundling
st956,Moti Play Pod Kit 30W - Alloy Black,Pod System,1,"  275,000 "," Rp 275,000 ",1,1,0,0,0,1,0,Aged ≥ 3 bln,Clearance 20-40% / bundling
rta30,OXVA Arbiter Dual RTA 28mm - Stainless Steel,RTA,1,"  275,000 "," Rp 275,000 ",1,1,0,0,0,0,1,Aged ≥ 3 bln,Clearance 20-40% / bundling
rta27,OXVA Arbiter Dual RTA 28mm - Gunmental,RTA,1,"  275,000 "," Rp 275,000 ",1,1,0,0,0,0,1,Aged ≥ 3 bln,Clearance 20-40% / bundling
rta25,OXVA Arbiter Dual RTA 28mm - Black,RTA,1,"  275,000 "," Rp 275,000 ",1,1,0,0,0,0,1,Aged ≥ 3 bln,Clearance 20-40% / bundling
rda490,Dead Rabbit V3 RDA Joker Edition - Shiny SS,RDA,1,"  275,000 "," Rp 275,000 ",1,1,0,0,1,0,0,Aged ≥ 3 bln,Clearance 20-40% / bundling
rda488,Dead Rabbit V3 RDA Joker Edition - Shiny Black,RDA,1,"  275,000 "," Rp 275,000 ",1,1,0,0,0,1,0,Aged ≥ 3 bln,Clearance 20-40% / bundling
rda24,Dead Rabbit V3 RDA 24mm By Hellvape - Stainless Steel,RDA,1,"  275,000 "," Rp 275,000 ",1,1,0,1,0,0,0,Aged ≥ 3 bln,Clearance 20-40% / bundling
rc220,Lost Vape Thelema Ultra Boost Coil - M1 0.3 Ohm,Coil,11,"  25,000 "," Rp 275,000 ",11,11,0,3,4,0,4,Aged ≥ 3 bln,Clearance 20-40% / bundling
st498,Aspire Minican V2 Pods System - Pink,SALE DEVICE POD,2,"  135,000 "," Rp 270,000 ",2,2,0,1,1,0,0,Aged ≥ 3 bln,Clearance 20-40% / bundling
st216,Joiway S1 Kit Pod System 500mAh - Sunshine Yellow,Pod System,2,"  135,000 "," Rp 270,000 ",2,2,0,1,1,0,0,Aged ≥ 3 bln,Clearance 20-40% / bundling
rda219,SXK - NarCa RDA 22mm Styled - Stainless Steel,SALE RDA,2,"  135,000 "," Rp 270,000 ",2,2,0,2,0,0,0,Aged ≥ 3 bln,Clearance 20-40% / bundling
OPS37/0525,San Dynasty Pod Kit - Baby Pink,Pod System 2025,1,"  270,000 "," Rp 270,000 ",1,1,0,1,0,0,0,Aged ≥ 3 bln,Clearance 20-40% / bundling
ct63,Apods Preva ATeam Cartridge - 1.0 Ohm,Cartridge,18,"  15,000 "," Rp 270,000 ",18,18,0,6,8,0,4,Aged ≥ 3 bln,Clearance 20-40% / bundling
st1359,Voopoo Argus P2 1100mAh 30W - Matte Black,SALE DEVICE POD,1,"  265,000 "," Rp 265,000 ",1,1,0,0,0,0,1,Aged ≥ 3 bln,Clearance 20-40% / bundling
st1255,Oxva Xlim SQ Pro Kit 30W 1200mAh - Spring White,Pod System,1,"  265,000 "," Rp 265,000 ",1,1,0,0,0,0,1,Aged ≥ 3 bln,Clearance 20-40% / bundling
ops93/924,Uwell Caliburn G3 Pro Pod Kit - Rose Gold,Open Pod System,1,"  265,000 "," Rp 265,000 ",1,1,0,1,0,0,0,Aged ≥ 3 bln,Clearance 20-40% / bundling
ops55/724,Oxva Xlim SQ Pro Leather Edition Kit 30W 1200mAh - Brown Leather,Open Pod System,1,"  265,000 "," Rp 265,000 ",1,1,0,1,0,0,0,Aged ≥ 3 bln,Clearance 20-40% / bundling
ops137/1024,Oxva Xlim Pro 2 Pod Kit 40W 1300mAh - Black Warrior,Open Pod System,1,"  265,000 "," Rp 265,000 ",1,1,0,0,1,0,0,Aged ≥ 3 bln,Clearance 20-40% / bundling
st720,Hotcig RDS Dual System Pod Mod Kit 80W - Purple,SALE DEVICE POD,1,"  262,500 "," Rp 262,500 ",1,1,0,1,0,0,0,Aged ≥ 3 bln,Clearance 20-40% / bundling
st166,Uwell Caliburn GK2 Pod System 18W 690mAh - Fantasy Pink,Pod System,1,"  260,000 "," Rp 260,000 ",1,1,0,0,1,0,0,Aged ≥ 3 bln,Clearance 20-40% / bundling
st1092,Hannya Airtok Mythical Pod Kit SE - Kitsune,SALE DEVICE POD,2,"  130,000 "," Rp 260,000 ",2,2,0,0,1,0,1,Aged ≥ 3 bln,Clearance 20-40% / bundling
rta141,Druga RTA 24mm Single Coil - Gunmetal,SALE RTA,1,"  260,000 "," Rp 260,000 ",1,1,0,0,1,0,0,Aged ≥ 3 bln,Clearance 20-40% / bundling
rc395,Sweet And Smooth Shark Cartridge - 0.8 Ohm,Cartridge,13,"  20,000 "," Rp 260,000 ",13,13,5,4,2,2,0,Aged ≥ 3 bln,Clearance 20-40% / bundling
ops88/924,Lost Vape Thelema Elite 40 Lux Limited Edition - Beige Dauphine,Open Pod System,1,"  260,000 "," Rp 260,000 ",1,1,0,1,0,0,0,Aged ≥ 3 bln,Clearance 20-40% / bundling
acc214,SXK Mission XV - Black,Parts Units,1,"  260,000 "," Rp 260,000 ",2,2,0,0,0,1,0,Aged ≥ 3 bln,Clearance 20-40% / bundling
rda200,Dead Rabbit Solo RDA 22mm - Rainbow,RDA,1,"  255,000 "," Rp 255,000 ",1,1,0,1,0,0,0,Aged ≥ 3 bln,Clearance 20-40% / bundling
cla2,Claw Pod System 30W - Full Black,SALE DEVICE POD,1,"  255,000 "," Rp 255,000 ",1,1,0,1,0,0,0,Aged ≥ 3 bln,Clearance 20-40% / bundling
cla1,Claw Pod System 30W - Black Red,SALE DEVICE POD,1,"  255,000 "," Rp 255,000 ",1,1,0,1,0,0,0,Aged ≥ 3 bln,Clearance 20-40% / bundling
st1135,Vaptio Avocado Baby Kit 1100mAh - Blush Pink,SALE DEVICE MOD,1,"  250,000 "," Rp 250,000 ",1,1,0,1,0,0,0,Aged ≥ 3 bln,Clearance 20-40% / bundling
st1133,Vaptio Avocado Baby Kit 1100mAh - Black,SALE DEVICE MOD,1,"  250,000 "," Rp 250,000 ",1,1,0,1,0,0,0,Aged ≥ 3 bln,Clearance 20-40% / bundling
st1132,Vaptio Avocado Baby Kit 1100mAh - Avocado Green,SALE DEVICE MOD,1,"  250,000 "," Rp 250,000 ",1,1,0,1,0,0,0,Aged ≥ 3 bln,Clearance 20-40% / bundling
rda193,SXK - One Styled RDA 22mm - Black,SALE RDA,2,"  125,000 "," Rp 250,000 ",2,2,0,1,0,0,1,Aged ≥ 3 bln,Clearance 20-40% / bundling
ops148/1024,Foom Y Pod Bundling Liquid 15ml Onyx Black - Iced Tea,Open Pod System,1,"  250,000 "," Rp 250,000 ",1,1,0,1,0,0,0,Aged ≥ 3 bln,Clearance 20-40% / bundling
acc153,Famles Works Billet Box Screw Titanium Set - Purple,Parts Units,2,"  125,000 "," Rp 250,000 ",2,2,1,1,0,0,0,Aged ≥ 3 bln,Clearance 20-40% / bundling
acc152,Famles Works Billet Box Screw Titanium Set - Gold,Parts Units,2,"  125,000 "," Rp 250,000 ",2,2,1,1,0,0,0,Aged ≥ 3 bln,Clearance 20-40% / bundling
FB169,"Lunar Ice Cream Series Taro Cukai 2025 - 60ml,6mg",Freebase 2025,2,"  122,754 "," Rp 245,509 ",2,2,0,0,1,0,1,Aged ≥ 3 bln,Clearance 20-40% / bundling
st399,Vaporesso Xros Nano LE - Bronze Gold,Pod System,1,"  245,000 "," Rp 245,000 ",2,2,0,1,0,0,0,Aged ≥ 3 bln,Clearance 20-40% / bundling
st1115,Lost Vape Ursa Nano Pro New Colour - Blue Carbon,Pod System,1,"  245,000 "," Rp 245,000 ",1,1,0,0,0,0,1,Aged ≥ 3 bln,Clearance 20-40% / bundling
rda494,Stalk D2 RDA 24mm - Stainless Steel,RDA,1,"  245,000 "," Rp 245,000 ",1,1,0,0,1,0,0,Aged ≥ 3 bln,Clearance 20-40% / bundling
FB157,"Zoo Mango Pudding Cukai 2025 - 60ml,3mg",Freebase 2025,2,"  120,968 "," Rp 241,935 ",3,3,0,1,0,0,1,Aged ≥ 3 bln,Clearance 20-40% / bundling
st273,Voopoo Drag Nano 2 Pod 800mAh - Tea Green,Pod System,1,"  241,667 "," Rp 241,667 ",1,1,0,0,0,0,1,Aged ≥ 3 bln,Clearance 20-40% / bundling
wire07,Phoenix Wire God Speed Edition Ni80 - 3M - 28Awg,Wire,8,"  30,000 "," Rp 240,000 ",8,8,1,2,0,0,5,Aged ≥ 3 bln,Clearance 20-40% / bundling
st935,Lost Vape Ursa Baby Pro 25W - Navy Blue,Pod System,1,"  240,000 "," Rp 240,000 ",1,1,0,0,0,0,1,Aged ≥ 3 bln,Clearance 20-40% / bundling
st933,Lost Vape Ursa Baby Pro 25W - Golden Knight,Pod System,1,"  240,000 "," Rp 240,000 ",1,1,0,0,0,0,1,Aged ≥ 3 bln,Clearance 20-40% / bundling
st1345,Lost Vape Ursa Baby Pro 25W - Quenn Heart,Pod System,1,"  240,000 "," Rp 240,000 ",1,1,0,1,0,0,0,Aged ≥ 3 bln,Clearance 20-40% / bundling
st1344,Lost Vape Ursa Baby Pro 25W - Starport Black,Pod System,1,"  240,000 "," Rp 240,000 ",1,1,0,1,0,0,0,Aged ≥ 3 bln,Clearance 20-40% / bundling
st1343,Lost Vape Ursa Baby Pro 25W - Frozen Throne,Pod System,1,"  240,000 "," Rp 240,000 ",1,1,0,1,0,0,0,Aged ≥ 3 bln,Clearance 20-40% / bundling
rda413,Key RDA 24mm 8 Circle x Panda - Stainless Steel,SALE RDA,1,"  240,000 "," Rp 240,000 ",1,1,0,0,0,1,0,Aged ≥ 3 bln,Clearance 20-40% / bundling
rda410,Key RDA 24mm 8 Circle x Panda - Black Matte,SALE RDA,1,"  240,000 "," Rp 240,000 ",1,1,0,0,0,1,0,Aged ≥ 3 bln,Clearance 20-40% / bundling
rc49,"Aegis Hero Pack Kit Cartridge 4ml - Standard,4ml",Cartridge,2,"  120,000 "," Rp 240,000 ",2,2,0,2,0,0,0,Aged ≥ 3 bln,Clearance 20-40% / bundling
rc274,Oxva Origin SE Empty Cartridge - 1 Pack/2 Pcs,Cartridge,8,"  30,000 "," Rp 240,000 ",8,8,2,2,0,2,2,Aged ≥ 3 bln,Clearance 20-40% / bundling
rc123,SMok RPM 80 Empty Cartridge RPM 40 Coil Version - Standart 5ml,Cartridge,8,"  30,000 "," Rp 240,000 ",8,8,3,2,0,3,0,Aged ≥ 3 bln,Clearance 20-40% / bundling
rc117,OXVA Origin Empty Cartridge - 3ml,Cartridge,8,"  30,000 "," Rp 240,000 ",8,8,0,2,2,2,2,Aged ≥ 3 bln,Clearance 20-40% / bundling
ops92/924,Uwell Caliburn G3 Pro Pod Kit - Pasific Blue,Open Pod System,1,"  240,000 "," Rp 240,000 ",1,1,0,1,0,0,0,Aged ≥ 3 bln,Clearance 20-40% / bundling
acc6161,Vandy Vape Pulse AIO.5 Square Panel - Frosted White,Parts Units,3,"  80,000 "," Rp 240,000 ",3,3,0,1,1,1,0,Aged ≥ 3 bln,Clearance 20-40% / bundling
acc196,San AIO Panel - Purple,Parts Units,2,"  120,000 "," Rp 240,000 ",2,2,0,1,1,0,0,Aged ≥ 3 bln,Clearance 20-40% / bundling
acc194,San AIO Panel - Frosted Black,Parts Units,2,"  120,000 "," Rp 240,000 ",2,2,0,0,1,1,0,Aged ≥ 3 bln,Clearance 20-40% / bundling
acc160,Vandy Vape Pulse AIO.5 Square Panel - Frosted Red,Parts Units,3,"  80,000 "," Rp 240,000 ",3,3,0,1,1,1,0,Aged ≥ 3 bln,Clearance 20-40% / bundling
acc159,Vandy Vape Pulse AIO.5 Square Panel - Frosted Green,Parts Units,3,"  80,000 "," Rp 240,000 ",3,3,0,1,1,1,0,Aged ≥ 3 bln,Clearance 20-40% / bundling
acc158,Vandy Vape Pulse AIO.5 Square Panel - Frosted Blue,Parts Units,3,"  80,000 "," Rp 240,000 ",3,3,0,1,1,1,0,Aged ≥ 3 bln,Clearance 20-40% / bundling
acc157,Vandy Vape Pulse AIO.5 Square Panel - Frosted Black,Parts Units,3,"  80,000 "," Rp 240,000 ",3,3,0,1,1,1,0,Aged ≥ 3 bln,Clearance 20-40% / bundling
acc156,Vandy Vape Pulse AIO.5 Square Panel - Black,Parts Units,3,"  80,000 "," Rp 240,000 ",3,3,0,1,1,1,0,Aged ≥ 3 bln,Clearance 20-40% / bundling
co67,OXVA UniCoil - Mesh 0.3 Ohm,Coil,11,"  21,656 "," Rp 238,216 ",11,11,3,0,3,0,5,Aged ≥ 3 bln,Clearance 20-40% / bundling
st271,Voopoo Drag Nano 2 Pod 800mAh - Orange,Pod System,1,"  237,500 "," Rp 237,500 ",1,1,0,0,0,0,1,Aged ≥ 3 bln,Clearance 20-40% / bundling
st304,Voopoo Vinci Pod Royal Edition 800mAh - Silver Icon,Pod System,1,"  235,000 "," Rp 235,000 ",1,1,0,0,0,0,1,Aged ≥ 3 bln,Clearance 20-40% / bundling
st301,Voopoo Vinci Pod Royal Edition 800mAh - Black Ripple,Pod System,1,"  235,000 "," Rp 235,000 ",1,1,0,0,0,0,1,Aged ≥ 3 bln,Clearance 20-40% / bundling
FB7,"Oat Drips V1 Oat Milk Cukai 2025 - 60ml,3mg",Freebase 2025,2,"  117,500 "," Rp 235,000 ",2,2,0,2,0,0,0,Aged ≥ 3 bln,Clearance 20-40% / bundling
st1138,Vaptio Avocado Baby Kit 1100mAh - Electric Lime,Pod System,1,"  234,000 "," Rp 234,000 ",1,1,0,0,0,0,1,Aged ≥ 3 bln,Clearance 20-40% / bundling
st532,Aspire Minican Pod System Limited Edition - Green Camo,SALE DEVICE POD,2,"  115,000 "," Rp 230,000 ",2,2,0,2,0,0,0,Aged ≥ 3 bln,Clearance 20-40% / bundling
st1141,Vaptio Avocado Baby Kit 1100mAh - Red,Pod System,1,"  230,000 "," Rp 230,000 ",1,1,0,0,0,0,1,Aged ≥ 3 bln,Clearance 20-40% / bundling
st1140,Vaptio Avocado Baby Kit 1100mAh - Purple,Pod System,1,"  230,000 "," Rp 230,000 ",1,1,0,0,0,0,1,Aged ≥ 3 bln,Clearance 20-40% / bundling
st1139,Vaptio Avocado Baby Kit 1100mAh - Pastel Blue,Pod System,1,"  230,000 "," Rp 230,000 ",1,1,0,0,0,0,1,Aged ≥ 3 bln,Clearance 20-40% / bundling
ops233/0125,Lost Vape Centaurus E40 Pod Kit 40W 1400mAh - Regal King,Open Pod System,1,"  230,000 "," Rp 230,000 ",2,1,0,1,0,0,0,Aged ≥ 3 bln,Clearance 20-40% / bundling
FB77,Tantrumz Cheese Coconut Cookies Cukai 2025 - 8mg,Freebase 2025,2,"  115,000 "," Rp 230,000 ",2,2,2,0,0,0,0,Aged ≥ 3 bln,Clearance 20-40% / bundling
uf86,"Five Pawns California Castle Long Cukai 2024 - 60ml,6mg",US Freebase,1,"  225,000 "," Rp 225,000 ",0,1,0,0,0,1,0,Aged ~2 bln,Clearance 20-40% / bundling
rda513,Stalk RDA 22mm - Red,RDA,1,"  225,000 "," Rp 225,000 ",1,1,1,0,0,0,0,Aged ≥ 3 bln,Clearance 20-40% / bundling
rc322,Dot AIO V2 Tank - Orange,Cartridge,1,"  225,000 "," Rp 225,000 ",1,1,0,0,0,1,0,Aged ≥ 3 bln,Clearance 20-40% / bundling
rc257,Dot AIO V2 Tank - Red,Cartridge,1,"  225,000 "," Rp 225,000 ",1,1,0,0,0,1,0,Aged ≥ 3 bln,Clearance 20-40% / bundling
rc255,Dot AIO V2 Tank - Blue,Cartridge,1,"  225,000 "," Rp 225,000 ",1,1,0,0,0,1,0,Aged ≥ 3 bln,Clearance 20-40% / bundling
FB178,"Crackz Ice V5 Blueberry Ice Cream Cukai 2025 - 60ml,3mg",Freebase 2025,2,"  112,500 "," Rp 225,000 ",2,2,0,2,0,0,0,Aged ≥ 3 bln,Clearance 20-40% / bundling
dt272,Famles Drip Tip Titanium 510 STD - Electrify,Drip Tips And Caps,1,"  225,000 "," Rp 225,000 ",1,1,0,0,1,0,0,Aged ≥ 3 bln,Clearance 20-40% / bundling
dt201,Famles Works Drip Tip Whistle Mini Titanium - Electrify,Drip Tips And Caps,1,"  225,000 "," Rp 225,000 ",1,1,0,0,1,0,0,Aged ≥ 3 bln,Clearance 20-40% / bundling
acc400,San Dynasty Panel Battery Cover - Hexa GM,Parts Units,3,"  75,000 "," Rp 225,000 ",3,3,1,0,1,1,0,Aged ≥ 3 bln,Clearance 20-40% / bundling
acc399,San Dynasty Panel Battery Cover - Hexa Black,Parts Units,3,"  75,000 "," Rp 225,000 ",3,3,1,0,1,1,0,Aged ≥ 3 bln,Clearance 20-40% / bundling
acc396,San Dynasty Panel Battery Cover - Drei Black,Parts Units,3,"  75,000 "," Rp 225,000 ",3,3,1,1,0,1,0,Aged ≥ 3 bln,Clearance 20-40% / bundling
acc394,Dotmod dotTip Aero - Royal Blue,Parts Units,3,"  75,000 "," Rp 225,000 ",3,3,1,1,0,1,0,Aged ≥ 3 bln,Clearance 20-40% / bundling
acc392,Dotmod dotTip Aero - Gunmetal,Parts Units,3,"  75,000 "," Rp 225,000 ",3,3,0,1,1,1,0,Aged ≥ 3 bln,Clearance 20-40% / bundling
rc285,Aspire Riil X Empty Cartridge - Standart 2ml,Cartridge,7,"  32,000 "," Rp 224,000 ",7,7,2,2,2,1,0,Aged ≥ 3 bln,Clearance 20-40% / bundling
st562,Oxva Xlim V2 Pod System New Colour - Pink,Pod System,1,"  223,750 "," Rp 223,750 ",1,1,0,0,0,0,1,Aged ≥ 3 bln,Clearance 20-40% / bundling
lf165,"Mangopy Frozen Mango Cukai 2024 - 60ml,3mg",LOCAL Freebase,2,"  110,227 "," Rp 220,455 ",2,2,0,2,0,0,0,Aged ≥ 3 bln,Clearance 20-40% / bundling
wr02,Mission XV Authentic Battery Wrap - 1 Pack,Parts Units,2,"  110,000 "," Rp 220,000 ",2,2,0,0,2,0,0,Aged ≥ 3 bln,Clearance 20-40% / bundling
st980,Voopoo Argus G Pod 1000mAh 25W - Racing Green,SALE DEVICE POD,1,"  220,000 "," Rp 220,000 ",1,1,0,1,0,0,0,Aged ≥ 3 bln,Clearance 20-40% / bundling
st979,Voopoo Argus G Pod 1000mAh 25W - Glow Pink,SALE DEVICE POD,1,"  220,000 "," Rp 220,000 ",1,1,0,1,0,0,0,Aged ≥ 3 bln,Clearance 20-40% / bundling
st762,Geek Vape Wenax K1 Pod Kit 600mAh - Red,SALE DEVICE POD,1,"  220,000 "," Rp 220,000 ",1,1,0,1,0,0,0,Aged ≥ 3 bln,Clearance 20-40% / bundling
st240,Oxva Origin SE 40W 1400mAh - Tiffany Blue,All In One System,1,"  220,000 "," Rp 220,000 ",1,1,0,0,0,0,1,Aged ≥ 3 bln,Clearance 20-40% / bundling
st239,Oxva Origin SE 40W 1400mAh - Silver Gray,All In One System,1,"  220,000 "," Rp 220,000 ",1,1,0,0,0,1,0,Aged ≥ 3 bln,Clearance 20-40% / bundling
st235,Oxva Origin SE 40W 1400mAh - Gradient Green,All In One System,1,"  220,000 "," Rp 220,000 ",1,1,0,0,0,1,0,Aged ≥ 3 bln,Clearance 20-40% / bundling
st234,Oxva Origin SE 40W 1400mAh - Gradient Gold,All In One System,1,"  220,000 "," Rp 220,000 ",1,1,0,1,0,0,0,Aged ≥ 3 bln,Clearance 20-40% / bundling
rda291,Claymore RDA Yacht Vape 22mm - Silver,SALE RDA,1,"  220,000 "," Rp 220,000 ",1,1,0,1,0,0,0,Aged ≥ 3 bln,Clearance 20-40% / bundling
rda290,Claymore RDA Yacht Vape 22mm - Black Matte,RDA,1,"  220,000 "," Rp 220,000 ",1,1,1,0,0,0,0,Aged ≥ 3 bln,Clearance 20-40% / bundling
acc315,SXK Dot AIO II Inner Panels - Blue,Parts Units,2,"  110,000 "," Rp 220,000 ",2,2,1,1,0,0,0,Aged ≥ 3 bln,Clearance 20-40% / bundling
st630,Voopoo Vthru Pro Pod System 900mAh - Red,SALE DEVICE MOD,1,"  215,000 "," Rp 215,000 ",1,1,0,0,0,0,1,Aged ≥ 3 bln,Clearance 20-40% / bundling
st629,Voopoo Vthru Pro Pod System 900mAh - Neon,SALE DEVICE MOD,1,"  215,000 "," Rp 215,000 ",1,1,0,0,0,0,1,Aged ≥ 3 bln,Clearance 20-40% / bundling
st46,Kuy Gox Pod System Kit 950mAh - Freshy Lilac,SALE DEVICE POD,1,"  210,000 "," Rp 210,000 ",1,1,0,0,1,0,0,Aged ≥ 3 bln,Clearance 20-40% / bundling
st419,INDEX Starter Kit 550mAh By TRX x Turbo Vape - White,TRX,1,"  210,000 "," Rp 210,000 ",1,1,0,1,0,0,0,Aged ≥ 3 bln,Clearance 20-40% / bundling
st416,INDEX Starter Kit 550mAh By TRX x Turbo Vape - Black,TRX,1,"  210,000 "," Rp 210,000 ",1,1,0,1,0,0,0,Aged ≥ 3 bln,Clearance 20-40% / bundling
rda177,Geekvape Z RDA Dual Coil 25mm - Stainless Steel,SALE RDA,1,"  210,000 "," Rp 210,000 ",1,1,0,1,0,0,0,Aged ≥ 3 bln,Clearance 20-40% / bundling
rda174,Geekvape Z RDA Dual Coil 25mm - Gold,SALE RDA,1,"  210,000 "," Rp 210,000 ",1,1,0,1,0,0,0,Aged ≥ 3 bln,Clearance 20-40% / bundling
rc19,Geek Vape Aegis Boost Pro 2 B100 Cartridge - 4.5ml,Cartridge,6,"  35,000 "," Rp 210,000 ",6,6,0,2,2,0,2,Aged ≥ 3 bln,Clearance 20-40% / bundling
rc124,SMok RPM 80 Empty Cartridge RGC Coil Version - Standard 5ml,Cartridge,7,"  30,000 "," Rp 210,000 ",7,7,3,2,0,2,0,Aged ≥ 3 bln,Clearance 20-40% / bundling
dt26,C2MNT Color Cap By District F5VE - Red,Drip Tips And Caps,1,"  210,000 "," Rp 210,000 ",1,1,0,1,0,0,0,Aged ≥ 3 bln,Clearance 20-40% / bundling
dt25,C2MNT Color Cap By District F5VE - Purple,Drip Tips And Caps,1,"  210,000 "," Rp 210,000 ",1,1,0,0,1,0,0,Aged ≥ 3 bln,Clearance 20-40% / bundling
dt112,DotMod Whistle Drip Tip - Red,Drip Tips And Caps,3,"  70,000 "," Rp 210,000 ",3,3,1,1,0,1,0,Aged ≥ 3 bln,Clearance 20-40% / bundling
dt110,DotMod Whistle Drip Tip - Green,Drip Tips And Caps,3,"  70,000 "," Rp 210,000 ",3,3,1,0,1,1,0,Aged ≥ 3 bln,Clearance 20-40% / bundling
rc288,Ipods Pod Cartridge - 1.2 Ohm,Cartridge,9,"  23,333 "," Rp 209,997 ",9,9,2,2,3,0,2,Aged ≥ 3 bln,Clearance 20-40% / bundling
rc153,Aspire BP Mesh Coil - 0.6 Ohm,Coil,8,"  26,000 "," Rp 208,000 ",8,8,0,5,3,0,0,Aged ≥ 3 bln,Clearance 20-40% / bundling
FB129,"Krusty Crepes V1 Original Cheese Cukai 2025 - 60ml,6mg",Freebase 2025,2,"  101,922 "," Rp 203,843 ",2,2,0,0,2,0,0,Aged ≥ 3 bln,Clearance 20-40% / bundling
rc126,Asvape Hita Empty Cartridge - 3ml,Cartridge,6,"  33,750 "," Rp 202,500 ",6,6,0,2,0,2,2,Aged ≥ 3 bln,Clearance 20-40% / bundling
rc253,Dot Coils - 0.7 Ohm,Coil,5,"  40,216 "," Rp 201,080 ",5,5,0,0,0,5,0,Aged ≥ 3 bln,Clearance 20-40% / bundling
wr11,TRML Wrap Battery 18650 - Zombie,Parts Units,2,"  100,000 "," Rp 200,000 ",2,2,1,0,0,1,0,Aged ≥ 3 bln,Clearance 20-40% / bundling
wr07,TRML Wrap Battery 18650 - Smile Monster,Parts Units,2,"  100,000 "," Rp 200,000 ",2,2,1,1,0,0,0,Aged ≥ 3 bln,Clearance 20-40% / bundling
wr05,TRML Wrap Battery 18650 - Panda,Parts Units,2,"  100,000 "," Rp 200,000 ",2,2,1,1,0,0,0,Aged ≥ 3 bln,Clearance 20-40% / bundling
wr03,TRML Wrap Battery 18650 - Eye,Parts Units,2,"  100,000 "," Rp 200,000 ",2,2,1,1,0,0,0,Aged ≥ 3 bln,Clearance 20-40% / bundling
st793,Geekvape Aegis Nano Pod System Kit 800mah - Camo Blue,SALE DEVICE POD,1,"  200,000 "," Rp 200,000 ",1,1,0,0,1,0,0,Aged ≥ 3 bln,Clearance 20-40% / bundling
st670,Voopoo Vmate Infinity Edition 900mAh 17W - Golden Brown,SALE DEVICE POD,1,"  200,000 "," Rp 200,000 ",1,1,0,0,0,0,1,Aged ≥ 3 bln,Clearance 20-40% / bundling
st668,Voopoo Vmate Infinity Edition 900mAh 17W - Dark Grey,SALE DEVICE POD,1,"  200,000 "," Rp 200,000 ",1,1,0,0,0,0,1,Aged ≥ 3 bln,Clearance 20-40% / bundling
pre38,Satu Tiga Flava Queen Single Two Core - 0.3 Ohm,Wire,8,"  25,000 "," Rp 200,000 ",8,8,3,1,4,0,0,Aged ≥ 3 bln,Clearance 20-40% / bundling
ops5/724,Joiway X1 Pod Kit 1100mAh - Olive Green,Open Pod System,1,"  200,000 "," Rp 200,000 ",1,1,0,1,0,0,0,Aged ≥ 3 bln,Clearance 20-40% / bundling
ct71,Dotmod Dotstick Revo Tank 24mm - Green,Cartridge,2,"  100,000 "," Rp 200,000 ",2,2,0,1,1,0,0,Aged ≥ 3 bln,Clearance 20-40% / bundling
ch32,Charge Up Charger & Power Bank 2 Slot - Black,Charger,1,"  200,000 "," Rp 200,000 ",1,1,1,0,0,0,0,Aged ≥ 3 bln,Clearance 20-40% / bundling
acc191,San AIO Button Set - Pink,Parts Units,2,"  100,000 "," Rp 200,000 ",2,2,0,0,1,1,0,Aged ≥ 3 bln,Clearance 20-40% / bundling
acc131,Vandy Vape Pulse Panels - Frosted Black,Parts Units,2,"  100,000 "," Rp 200,000 ",2,2,0,1,1,0,0,Aged ≥ 3 bln,Clearance 20-40% / bundling
acc112,Nitrous Beauty Ring And AF Ring - Blue,Parts Units,2,"  100,000 "," Rp 200,000 ",2,2,1,1,0,0,0,Aged ≥ 3 bln,Clearance 20-40% / bundling
ac026,Coil Master Ceramic Stick,Tools,2,"  100,000 "," Rp 200,000 ",2,2,0,0,0,2,0,Aged ≥ 3 bln,Clearance 20-40% / bundling
rc368,Aspire Fluffi Cartridge 3.5ml - 1.0 Ohm,Cartridge,6,"  33,217 "," Rp 199,301 ",6,6,3,0,0,3,0,Aged ≥ 3 bln,Clearance 20-40% / bundling
st1415,Aspire Fluffi Pod Kit 20W 1500mAh - Sky Lemon,Pod System,1,"  195,000 "," Rp 195,000 ",1,1,0,0,0,1,0,Aged ≥ 3 bln,Clearance 20-40% / bundling
st1330,Aspire Fluffi Pod Kit 20W 1500mAh - White,Pod System,1,"  195,000 "," Rp 195,000 ",1,1,0,0,0,1,0,Aged ≥ 3 bln,Clearance 20-40% / bundling
st1325,Aspire Fluffi Pod Kit 20W 1500mAh - Black,Pod System,1,"  195,000 "," Rp 195,000 ",1,1,0,0,0,1,0,Aged ≥ 3 bln,Clearance 20-40% / bundling
pre35,Storm Prebuild Alien Fuse - 0.2 Ohm,Wire,13,"  15,000 "," Rp 195,000 ",13,13,4,5,0,4,0,Aged ≥ 3 bln,Clearance 20-40% / bundling
ops222/1224,Lost Vape Ursa Baby 3 Pod Kit - Shadow Mocha,Open Pod System,1,"  195,000 "," Rp 195,000 ",1,1,0,1,0,0,0,Aged ≥ 3 bln,Clearance 20-40% / bundling
ops220/1224,Lost Vape Ursa Baby 3 Pod Kit - Lavender Ice,Open Pod System,1,"  195,000 "," Rp 195,000 ",1,1,0,1,0,0,0,Aged ≥ 3 bln,Clearance 20-40% / bundling
ops218/1224,Lost Vape Ursa Baby 3 Pod Kit - Ash Wood,Open Pod System,1,"  195,000 "," Rp 195,000 ",1,1,0,1,0,0,0,Aged ≥ 3 bln,Clearance 20-40% / bundling
ops217/1224,Lost Vape Ursa Baby 3 Pod Kit - Arctic Blue,Open Pod System,1,"  195,000 "," Rp 195,000 ",1,1,0,1,0,0,0,Aged ≥ 3 bln,Clearance 20-40% / bundling
acc58,Hexohm Battery Case 2 Slot - Purple,Tools,3,"  65,000 "," Rp 195,000 ",3,3,0,1,1,1,0,Aged ≥ 3 bln,Clearance 20-40% / bundling
acc57,Hexohm Battery Case 2 Slot - Green,Tools,3,"  65,000 "," Rp 195,000 ",3,3,0,1,1,1,0,Aged ≥ 3 bln,Clearance 20-40% / bundling
st556,Oxva Xlim SQ Kit 25W 900mAh - Pink,Pod System,1,"  190,000 "," Rp 190,000 ",1,1,0,0,0,0,1,Aged ≥ 3 bln,Clearance 20-40% / bundling
st1074,Oxva Xlim SQ Kit New Colour - Gunmetal CF,Pod System,1,"  190,000 "," Rp 190,000 ",1,1,0,0,0,0,1,Aged ≥ 3 bln,Clearance 20-40% / bundling
PS06,Voopoo Vinci Pod Kit 800mAh - Dazzling Line,Pod System,1,"  190,000 "," Rp 190,000 ",1,1,0,0,0,0,1,Aged ≥ 3 bln,Clearance 20-40% / bundling
cr01,OXVA Velocity Empty Cartridge - Unicoil,Cartridge,7,"  27,000 "," Rp 189,000 ",7,7,1,2,0,2,2,Aged ≥ 3 bln,Clearance 20-40% / bundling
ac20,Coil Master Vape Tweezer,Tools,3,"  62,541 "," Rp 187,622 ",3,3,1,0,0,2,0,Aged ≥ 3 bln,Clearance 20-40% / bundling
SN54,Lunar Ice Cream Salt Nic 30ml 30mg Cukai 2025 - Japanese,Salt Nic 2025,2,"  92,500 "," Rp 185,000 ",2,2,0,0,0,0,2,Aged ≥ 3 bln,Clearance 20-40% / bundling
SN116,"Kuah Sop Buah Salt Nic Cukai 2025 - 30ml,35mg",Salt Nic 2025,2,"  92,400 "," Rp 184,800 ",4,2,0,0,2,0,0,Aged ≥ 3 bln,Clearance 20-40% / bundling
RVPR1,"Freak Blu Mocheese Cukai 2025 - 60ml,3mg",Rayvapor 2025,2,"  91,935 "," Rp 183,871 ",2,2,0,2,0,0,0,Aged ≥ 3 bln,Clearance 20-40% / bundling
wire10,Brother Vape Wire Classic Mode Ni80 - 2M - 24 Awg,Wire,5,"  36,708 "," Rp 183,538 ",5,5,0,0,0,0,5,Aged ≥ 3 bln,Clearance 20-40% / bundling
st249,Vamped Pro Plus 1000mAh - Metal Green,BUY 1 GET 1,2,"  90,000 "," Rp 180,000 ",2,2,2,0,0,0,0,Aged ≥ 3 bln,Clearance 20-40% / bundling
st1167,Lost Vape Ursa Baby 2 900mAh - Tech Black x Fancy Maze,Pod System,1,"  180,000 "," Rp 180,000 ",1,1,0,0,0,0,1,Aged ≥ 3 bln,Clearance 20-40% / bundling
st1164,Lost Vape Ursa Baby 2 900mAh - Pop Black x Time Gear,Pod System,1,"  180,000 "," Rp 180,000 ",1,1,0,0,0,0,1,Aged ≥ 3 bln,Clearance 20-40% / bundling
st1161,Lost Vape Ursa Baby 2 900mAh - Joy Black x Pixel Role,Pod System,1,"  180,000 "," Rp 180,000 ",1,1,0,0,0,0,1,Aged ≥ 3 bln,Clearance 20-40% / bundling
rc381,Vavo Qpod Cartridge 2ml - 0.4 Ohm,Cartridge,9,"  20,000 "," Rp 180,000 ",9,9,0,0,3,6,0,Aged ≥ 3 bln,Clearance 20-40% / bundling
rc354,SMOK Solus 2 Pod Cartridge - Mesh 0.9 Ohm,Cartridge,6,"  30,000 "," Rp 180,000 ",6,6,0,3,0,3,0,Aged ≥ 3 bln,Clearance 20-40% / bundling
ops182/1124,Lost Vape Ursa Nano 3 Pod 1200mAh - Silk Blue,Open Pod System,1,"  180,000 "," Rp 180,000 ",1,1,0,1,0,0,0,Aged ≥ 3 bln,Clearance 20-40% / bundling
ops180/1124,Lost Vape Ursa Nano 3 Pod 1200mAh - Gracial Blue,Open Pod System,1,"  180,000 "," Rp 180,000 ",1,1,0,1,0,0,0,Aged ≥ 3 bln,Clearance 20-40% / bundling
acc56,Hexohm Battery Case 2 Slot - Blue,Tools,3,"  60,000 "," Rp 180,000 ",3,3,0,1,1,1,0,Aged ≥ 3 bln,Clearance 20-40% / bundling
acc362,MKMODS Panel Dot AIO V2 Different - Clear,Parts Units,1,"  180,000 "," Rp 180,000 ",1,1,1,0,0,0,0,Aged ≥ 3 bln,Clearance 20-40% / bundling
ops211/1224,Relx Prime Pod Kit 35W 1000Mah - Blue Sapphire,Open Pod System,1,"  179,000 "," Rp 179,000 ",2,1,0,0,0,0,1,Aged ≥ 3 bln,Clearance 20-40% / bundling
acc144,Vandy Vape Pulse New Panels - Supersonic,Parts Units,2,"  88,000 "," Rp 176,000 ",2,2,0,1,1,0,0,Aged ≥ 3 bln,Clearance 20-40% / bundling
acc143,Vandy Vape Pulse New Panels - Psychedelic Forest,Parts Units,2,"  88,000 "," Rp 176,000 ",2,2,0,1,1,0,0,Aged ≥ 3 bln,Clearance 20-40% / bundling
acc142,Vandy Vape Pulse New Panels - Mystery Kaleidoscope,Parts Units,2,"  88,000 "," Rp 176,000 ",2,2,0,1,1,0,0,Aged ≥ 3 bln,Clearance 20-40% / bundling
acc141,Vandy Vape Pulse New Panels - Magic Forest,Parts Units,2,"  88,000 "," Rp 176,000 ",2,2,0,1,1,0,0,Aged ≥ 3 bln,Clearance 20-40% / bundling
acc140,Vandy Vape Pulse New Panels - Fantasy Rainbow,Parts Units,2,"  88,000 "," Rp 176,000 ",2,2,0,1,1,0,0,Aged ≥ 3 bln,Clearance 20-40% / bundling
acc139,Vandy Vape Pulse New Panels - Fabolous Starrylight,Parts Units,2,"  88,000 "," Rp 176,000 ",2,2,0,1,1,0,0,Aged ≥ 3 bln,Clearance 20-40% / bundling
acc138,Vandy Vape Pulse New Panels - Devil,Parts Units,2,"  88,000 "," Rp 176,000 ",2,2,0,1,1,0,0,Aged ≥ 3 bln,Clearance 20-40% / bundling
acc137,Vandy Vape Pulse New Panels - Blue Stone,Parts Units,2,"  88,000 "," Rp 176,000 ",2,2,0,1,1,0,0,Aged ≥ 3 bln,Clearance 20-40% / bundling
acc136,Vandy Vape Pulse New Panels - Black,Parts Units,2,"  88,000 "," Rp 176,000 ",2,2,0,1,1,0,0,Aged ≥ 3 bln,Clearance 20-40% / bundling
rc75,SMok RPM PNP Coil - DC MTL 0.6 Ohm,Coil,7,"  25,000 "," Rp 175,000 ",7,7,5,0,0,2,0,Aged ≥ 3 bln,Clearance 20-40% / bundling
rc294,Lost Vape Ursa Nano Empty Cartridge - 2.5ml,Cartridge,7,"  25,000 "," Rp 175,000 ",7,7,0,2,2,2,1,Aged ≥ 3 bln,Clearance 20-40% / bundling
OPS198/1025,Vaporesso Xros 5 Mini X BimoPD Bundling 15ml - Denim Pink,Pod System 2025,1,"  175,000 "," Rp 175,000 ",1,1,0,0,1,0,0,Aged ≥ 3 bln,Clearance 20-40% / bundling
dt271,Famles Drip Tip Titanium 510 STD - Basic Colour,Drip Tips And Caps,1,"  175,000 "," Rp 175,000 ",1,1,0,0,0,1,0,Aged ≥ 3 bln,Clearance 20-40% / bundling
co141,Asvape Hita Replacement Coil - MTL 1.0 Ohm,Coil,7,"  25,000 "," Rp 175,000 ",7,7,0,2,0,0,5,Aged ≥ 3 bln,Clearance 20-40% / bundling
wr10,TRML Wrap Battery 18650 - Trml,Parts Units,2,"  86,667 "," Rp 173,333 ",2,2,0,1,1,0,0,Aged ≥ 3 bln,Clearance 20-40% / bundling
SN169,Icelands Salt Nic 30ml 30mg Cukai 2025 - Apple,Salt Nic 2025,2,"  85,000 "," Rp 170,000 ",2,2,0,0,0,0,2,Aged ≥ 3 bln,Clearance 20-40% / bundling
rda454,Wasp Nano RDA Plus 24mm - Rockin Purple,SALE RDA,1,"  170,000 "," Rp 170,000 ",2,1,1,0,0,0,0,Aged ≥ 3 bln,Clearance 20-40% / bundling
dt29,M Tips DIXON,Drip Tips And Caps,2,"  85,000 "," Rp 170,000 ",2,2,0,0,0,2,0,Aged ≥ 3 bln,Clearance 20-40% / bundling
dt28,M Tips GRAHAM,Drip Tips And Caps,2,"  85,000 "," Rp 170,000 ",2,2,0,0,0,2,0,Aged ≥ 3 bln,Clearance 20-40% / bundling
acc381,Trml T99 Panel Backdoor - Rayvapor,Parts Units,1,"  170,000 "," Rp 170,000 ",1,1,1,0,0,0,0,Aged ≥ 3 bln,Clearance 20-40% / bundling
acc167,AN RDA V2 AFC Ring - Red Gloss,Parts Units,1,"  170,000 "," Rp 170,000 ",1,1,0,1,0,0,0,Aged ≥ 3 bln,Clearance 20-40% / bundling
acc166,AN RDA V2 AFC Ring - Purple Gloss,Parts Units,1,"  170,000 "," Rp 170,000 ",1,1,0,1,0,0,0,Aged ≥ 3 bln,Clearance 20-40% / bundling
acc161,AN RDA V2 AFC Ring - Blue Gloss,Parts Units,1,"  170,000 "," Rp 170,000 ",1,1,0,0,1,0,0,Aged ≥ 3 bln,Clearance 20-40% / bundling
acc12,SXK - Resin Door For Billet Box - Honey Comb,Parts Units,1,"  170,000 "," Rp 170,000 ",1,1,0,1,0,0,0,Aged ≥ 3 bln,Clearance 20-40% / bundling
acc11,SXK - Resin Door For Billet Box - Green,Parts Units,1,"  170,000 "," Rp 170,000 ",1,1,0,0,1,0,0,Aged ≥ 3 bln,Clearance 20-40% / bundling
rc373,Lost Vape UB Ultra V4 Coil - M6 0.3 Ohm,Coil,8,"  20,940 "," Rp 167,524 ",8,8,0,3,0,0,5,Aged ≥ 3 bln,Clearance 20-40% / bundling
st1312,Joiway Galaxy Pod Glow In The Dark 600mAh - Electroplate Pink,SALE DEVICE POD,1,"  165,000 "," Rp 165,000 ",1,1,1,0,0,0,0,Aged ≥ 3 bln,Clearance 20-40% / bundling
st1310,Joiway Galaxy Pod Glow In The Dark 600mAh - Electroplate Blue,SALE DEVICE POD,1,"  165,000 "," Rp 165,000 ",1,1,0,1,0,0,0,Aged ≥ 3 bln,Clearance 20-40% / bundling
st1309,Joiway Galaxy Pod Glow In The Dark 600mAh - Electroplate Black,SALE DEVICE POD,1,"  165,000 "," Rp 165,000 ",1,1,0,1,0,0,0,Aged ≥ 3 bln,Clearance 20-40% / bundling
st1239,Voopoo Argus P1 S 800mAh 25W - Creed Cyan,SALE DEVICE POD,1,"  165,000 "," Rp 165,000 ",1,1,0,1,0,0,0,Aged ≥ 3 bln,Clearance 20-40% / bundling
st1235,Voopoo Argus P1 S 800mAh 25W - Cyber Green,Pod System,1,"  165,000 "," Rp 165,000 ",1,1,0,0,0,0,1,Aged ≥ 3 bln,Clearance 20-40% / bundling
ops280/0325,Relx Prime Pod Kit 35W 1000Mah - Sakura Pink,Open Pod System,1,"  164,819 "," Rp 164,819 ",1,1,0,0,0,0,1,Aged ≥ 3 bln,Clearance 20-40% / bundling
ac0710,Coil Mister Tool Kit Mini - Black Red,Tools,2,"  80,451 "," Rp 160,902 ",2,2,0,0,2,0,0,Aged ≥ 3 bln,Clearance 20-40% / bundling
st269,Avocado AIO 1600mAh 40W - Cloud White,All In One System,1,"  160,000 "," Rp 160,000 ",1,1,0,1,0,0,0,Aged ≥ 3 bln,Clearance 20-40% / bundling
SN235,Zuluu Salt Nic 30ml 30ml Cukai 2025 - Pineapple Popsicle,Salt Nic 2025,2,"  80,000 "," Rp 160,000 ",2,2,0,0,0,0,2,Aged ≥ 3 bln,Clearance 20-40% / bundling
OPS386,Oxva Xlim Go 2 Oxpassion Green Apple - Metal Blue,POD SYSTEM 2026,1,"  160,000 "," Rp 160,000 ",0,1,0,0,0,1,0,Aged ~2 bln,Clearance 20-40% / bundling
OPS384,Oxva Xlim Go 2 Oxpassion Green Apple - Green Ripple,POD SYSTEM 2026,1,"  160,000 "," Rp 160,000 ",0,1,0,0,0,1,0,Aged ~2 bln,Clearance 20-40% / bundling
OPS383,Oxva Xlim Go 2 Oxpassion Green Apple - Blue Ripple,POD SYSTEM 2026,1,"  160,000 "," Rp 160,000 ",0,1,0,0,0,1,0,Aged ~2 bln,Clearance 20-40% / bundling
OPS382,Oxva Xlim Go 2 Oxpassion Green Apple - Black Shadow,POD SYSTEM 2026,1,"  160,000 "," Rp 160,000 ",0,1,0,0,0,1,0,Aged ~2 bln,Clearance 20-40% / bundling
OPS381,Oxva Xlim Go 2 Oxpassion Green Apple - Black Carbon,POD SYSTEM 2026,1,"  160,000 "," Rp 160,000 ",0,1,0,0,0,1,0,Aged ~2 bln,Clearance 20-40% / bundling
ops183/1124,Lost Vape Ursa Nano 3 Pod 1200mAh - Silk Rose,Open Pod System,1,"  160,000 "," Rp 160,000 ",1,1,0,1,0,0,0,Aged ≥ 3 bln,Clearance 20-40% / bundling
ls246,Husky Bundling Argus G2 Mini 30ml 30mg Cukai 2024 - Winter River,Open Pod System,1,"  160,000 "," Rp 160,000 ",1,1,0,0,1,0,0,Aged ≥ 3 bln,Clearance 20-40% / bundling
ls244,Husky Bundling Argus G2 Mini 30ml 30mg Cukai 2024 - Tropical Dew,Open Pod System,1,"  160,000 "," Rp 160,000 ",1,1,0,0,1,0,0,Aged ≥ 3 bln,Clearance 20-40% / bundling
ls242,Husky Bundling Argus G2 Mini 30ml 30mg Cukai 2024 - Sour Beast,Open Pod System,1,"  160,000 "," Rp 160,000 ",1,1,0,0,1,0,0,Aged ≥ 3 bln,Clearance 20-40% / bundling
ls239,Husky Bundling Argus G2 Mini 30ml 30mg Cukai 2024 - Pink Lemonade,Open Pod System,1,"  160,000 "," Rp 160,000 ",1,1,0,0,1,0,0,Aged ≥ 3 bln,Clearance 20-40% / bundling
ls236,Husky Bundling Argus G2 Mini 30ml 30mg Cukai 2024 - Melona,Open Pod System,1,"  160,000 "," Rp 160,000 ",1,1,1,0,0,0,0,Aged ≥ 3 bln,Clearance 20-40% / bundling
dt210,Monarchy Cyber 510 Driptip Simple Set - Red,Drip Tips And Caps,2,"  80,000 "," Rp 160,000 ",2,2,0,1,1,0,0,Aged ≥ 3 bln,Clearance 20-40% / bundling
ct62,Uwell Aeglos P1 Empty Cartridge 4ml - 4ml,Cartridge,4,"  40,000 "," Rp 160,000 ",4,4,0,2,0,0,2,Aged ≥ 3 bln,Clearance 20-40% / bundling
acc135,Vandy Vape Pulse Panels - Frosted White,Parts Units,2,"  80,000 "," Rp 160,000 ",2,2,0,1,1,0,0,Aged ≥ 3 bln,Clearance 20-40% / bundling
acc134,Vandy Vape Pulse Panels - Frosted Red,Parts Units,2,"  80,000 "," Rp 160,000 ",2,2,0,1,1,0,0,Aged ≥ 3 bln,Clearance 20-40% / bundling
acc133,Vandy Vape Pulse Panels - Frosted Green,Parts Units,2,"  80,000 "," Rp 160,000 ",2,2,0,1,1,0,0,Aged ≥ 3 bln,Clearance 20-40% / bundling
acc132,Vandy Vape Pulse Panels - Frosted Blue,Parts Units,2,"  80,000 "," Rp 160,000 ",2,2,0,1,1,0,0,Aged ≥ 3 bln,Clearance 20-40% / bundling
acc114,Nitrous Beauty Ring And AF Ring - Green,Parts Units,2,"  80,000 "," Rp 160,000 ",2,2,1,0,1,0,0,Aged ≥ 3 bln,Clearance 20-40% / bundling
SN181,Relx Salt Nic 30mg 30ml Cukai 2025 - Fruity Boom,Salt Nic 2025,2,"  78,000 "," Rp 156,000 ",2,2,0,0,0,0,2,Aged ≥ 3 bln,Clearance 20-40% / bundling
USA39,"Monster Vape Labs Strawberry Jam Cukai 2025 - 60ml,6mg",USA 60ml 2025,1,"  155,000 "," Rp 155,000 ",1,1,0,0,0,1,0,Aged ≥ 3 bln,Clearance 20-40% / bundling
USA32,"Monster Vape Labs Grape Jam Cukai 2025 - 60ml,3mg",USA 60ml 2025,1,"  155,000 "," Rp 155,000 ",2,2,0,0,0,1,0,Aged ≥ 3 bln,Clearance 20-40% / bundling
USA30,"Monster Vape Labs Blackcherry Jam Cukai 2025 - 60ml,3mg",USA 60ml 2025,1,"  155,000 "," Rp 155,000 ",1,1,0,0,0,0,1,Aged ≥ 3 bln,Clearance 20-40% / bundling
pre33,AMH Coil - Alien Fused Clapton - 0.17Ohm - 0.18Ohm,Wire,4,"  38,000 "," Rp 152,000 ",4,4,0,0,4,0,0,Aged ≥ 3 bln,Clearance 20-40% / bundling
ops253/0125,Foom X Pod Bundling Liquid Wild Purple 15ml - Strawberry Ice Cream,Open Pod System,1,"  150,500 "," Rp 150,500 ",1,1,0,0,0,1,0,Aged ≥ 3 bln,Clearance 20-40% / bundling
ops236/0125,Foom X Pod Bundling Liquid Brilliant Gold 15ml - Fresh Cola,Open Pod System,1,"  150,500 "," Rp 150,500 ",1,1,0,0,0,1,0,Aged ≥ 3 bln,Clearance 20-40% / bundling
OPS38,Oxva Xlim Go X Oxpassion - Luxe Brown,Pod System 2025,1,"  150,000 "," Rp 150,000 ",0,0,0,0,0,0,1,Baru (bln berjalan),"Pantau dulu, jangan diskon"
OPS167/0925,Trml T28 Pod Kit Bundling X Poda Deep Purple - O Rama Salt Kaya Toast,Pod System 2025,1,"  150,000 "," Rp 150,000 ",1,1,0,1,0,0,0,Aged ≥ 3 bln,Clearance 20-40% / bundling
dt123,Wild Tips Glass 510 - Purple,Drip Tips And Caps,2,"  75,000 "," Rp 150,000 ",2,2,0,1,1,0,0,Aged ≥ 3 bln,Clearance 20-40% / bundling
dt122,Wild Tips Glass 510 - Green,Drip Tips And Caps,2,"  75,000 "," Rp 150,000 ",2,2,0,1,1,0,0,Aged ≥ 3 bln,Clearance 20-40% / bundling
ct138,Joyetech eGo Pod Cartridge - 1.0 Ohm,Cartridge,5,"  30,000 "," Rp 150,000 ",5,5,0,5,0,0,0,Aged ≥ 3 bln,Clearance 20-40% / bundling
ap08,Famles Works Leather Custom Sleeve - Hotcig R234 Astronomical,Apparel,1,"  150,000 "," Rp 150,000 ",1,1,0,0,1,0,0,Aged ≥ 3 bln,Clearance 20-40% / bundling
acc404,San Dynasty Panel Battery Cover - Lerro SS,Parts Units,2,"  75,000 "," Rp 150,000 ",2,2,0,0,1,1,0,Aged ≥ 3 bln,Clearance 20-40% / bundling
acc391,Dotmod dotTip Aero - Black,Parts Units,2,"  75,000 "," Rp 150,000 ",2,2,0,1,1,0,0,Aged ≥ 3 bln,Clearance 20-40% / bundling
acc308,PRC Crystal Boro Tank - Black Frosted,Parts Units,1,"  150,000 "," Rp 150,000 ",1,1,0,0,0,1,0,Aged ≥ 3 bln,Clearance 20-40% / bundling
rc281,Vapor Bucks Free SX Empty Cartridge - Standart,Cartridge,8,"  18,438 "," Rp 147,500 ",8,8,0,4,0,4,0,Aged ≥ 3 bln,Clearance 20-40% / bundling
USA5,"South Coast Vapor Blueberry Cheesecake Cukai 2025 - 60ml,3mg",USA 60ml 2025,1,"  145,000 "," Rp 145,000 ",1,1,0,0,0,0,1,Aged ≥ 3 bln,Clearance 20-40% / bundling
st1289,Lost Vape Ursa Nano Pod With V2 Cartridge Free Lanyard - Phanton City,Pod System,1,"  145,000 "," Rp 145,000 ",1,1,0,1,0,0,0,Aged ≥ 3 bln,Clearance 20-40% / bundling
st1287,Lost Vape Ursa Nano Pod With V2 Cartridge Free Lanyard - Lambent Silver,Pod System,1,"  145,000 "," Rp 145,000 ",1,1,0,1,0,0,0,Aged ≥ 3 bln,Clearance 20-40% / bundling
st1182,Dotmod Switch R Pod System 1000mAh - Red Obsidian,Pod System 2025,1,"  145,000 "," Rp 145,000 ",1,1,0,0,0,1,0,Aged ≥ 3 bln,Clearance 20-40% / bundling
st1180,Dotmod Switch R Pod System 1000mAh - Forest Green,Pod System 2025,1,"  145,000 "," Rp 145,000 ",1,1,0,0,0,1,0,Aged ≥ 3 bln,Clearance 20-40% / bundling
st1179,Dotmod Switch R Pod System 1000mAh - Desert Sunset,Pod System 2025,1,"  145,000 "," Rp 145,000 ",1,1,0,0,0,1,0,Aged ≥ 3 bln,Clearance 20-40% / bundling
ops19/724,Elf X Pod Kit 30W 1000mAh - Silver,Open Pod System,1,"  145,000 "," Rp 145,000 ",1,1,1,0,0,0,0,Aged ≥ 3 bln,Clearance 20-40% / bundling
ops15/724,Elf X Pod Kit 30W 1000mAh - Blue,Open Pod System,1,"  145,000 "," Rp 145,000 ",1,1,0,0,1,0,0,Aged ≥ 3 bln,Clearance 20-40% / bundling
pre31,Noir Prebuild Alien V3 MTL 0.9 Ohm - Single 0.9 Ohm,Wire,7,"  20,000 "," Rp 140,000 ",7,7,5,2,0,0,0,Aged ≥ 3 bln,Clearance 20-40% / bundling
dt286,909 Modify Drip Tip Type 1 Squere - Red,Drip Tips And Caps,1,"  140,000 "," Rp 140,000 ",1,1,1,0,0,0,0,Aged ≥ 3 bln,Clearance 20-40% / bundling
dt285,909 Modify Drip Tip Type 1 Squere - Orchid,Drip Tips And Caps,1,"  140,000 "," Rp 140,000 ",1,1,0,0,0,1,0,Aged ≥ 3 bln,Clearance 20-40% / bundling
dt283,909 Modify Drip Tip Type 1 Squere - Hot Pink,Drip Tips And Caps,1,"  140,000 "," Rp 140,000 ",1,1,1,0,0,0,0,Aged ≥ 3 bln,Clearance 20-40% / bundling
dt111,DotMod Whistle Drip Tip - Purple,Drip Tips And Caps,2,"  70,000 "," Rp 140,000 ",2,2,1,1,0,0,0,Aged ≥ 3 bln,Clearance 20-40% / bundling
ct46,Dotmod Dotstick Empty Cartridge - Blue,Cartridge,1,"  140,000 "," Rp 140,000 ",1,1,1,0,0,0,0,Aged ≥ 3 bln,Clearance 20-40% / bundling
acc28,VXV 510 Adapter SMok RPM 40 - RPM 40,Parts Units,2,"  70,000 "," Rp 140,000 ",2,2,0,2,0,0,0,Aged ≥ 3 bln,Clearance 20-40% / bundling
acc206,SXK Glass Cover Boro Tank - Transparent,Parts Units,4,"  35,000 "," Rp 140,000 ",4,4,2,2,0,0,0,Aged ≥ 3 bln,Clearance 20-40% / bundling
wr01,ODB Wrap Battery 18650 - Random,Parts Units,40,"  3,482 "," Rp 139,291 ",40,40,10,10,10,10,0,Aged ≥ 3 bln,Clearance 20-40% / bundling
st497,Aspire Minican V2 Pods System - Pearl White,SALE DEVICE POD,1,"  135,000 "," Rp 135,000 ",1,1,0,1,0,0,0,Aged ≥ 3 bln,Clearance 20-40% / bundling
st211,Joiway S1 Kit Pod System 500mAh - Emerald Tosca,Pod System,1,"  135,000 "," Rp 135,000 ",1,1,0,0,1,0,0,Aged ≥ 3 bln,Clearance 20-40% / bundling
st210,Joiway S1 Kit Pod System 500mAh - Electric Violet Blue,Pod System,1,"  135,000 "," Rp 135,000 ",1,1,0,0,1,0,0,Aged ≥ 3 bln,Clearance 20-40% / bundling
st209,Joiway S1 Kit Pod System 500mAh - Aurora Green,Pod System,1,"  135,000 "," Rp 135,000 ",1,1,0,0,1,0,0,Aged ≥ 3 bln,Clearance 20-40% / bundling
acc125,Reload RTA Spare Glass 24mm - Reguler Size,Parts Units,3,"  45,000 "," Rp 135,000 ",3,3,1,1,1,0,0,Aged ≥ 3 bln,Clearance 20-40% / bundling
st406,Druga Foxy Pod 500mAh - Blue,SALE DEVICE POD,1,"  130,000 "," Rp 130,000 ",1,1,0,1,0,0,0,Aged ≥ 3 bln,Clearance 20-40% / bundling
SN218,Volx Salt Nic Latte Series 30ml 30mg Cukai 2025 - Taro,Salt Nic 2025,2,"  65,000 "," Rp 130,000 ",2,2,0,0,0,2,0,Aged ≥ 3 bln,Clearance 20-40% / bundling
rc99,Augvape Narada Pro Coil - 1.0 Ohm Reguler,Coil,5,"  26,000 "," Rp 130,000 ",5,5,0,5,0,0,0,Aged ≥ 3 bln,Clearance 20-40% / bundling
rc271,Uwell Popreel Cartridge - 1.2 Ohm,Cartridge,4,"  32,500 "," Rp 130,000 ",4,4,0,2,2,0,0,Aged ≥ 3 bln,Clearance 20-40% / bundling
dt259,909 Modify Drip Tip Lite Version 510 - Red,Drip Tips And Caps,1,"  130,000 "," Rp 130,000 ",1,1,0,1,0,0,0,Aged ≥ 3 bln,Clearance 20-40% / bundling
acc59,Hexohm Battery Case 2 Slot - Red,Tools,2,"  65,000 "," Rp 130,000 ",2,2,0,0,1,1,0,Aged ≥ 3 bln,Clearance 20-40% / bundling
acc363,MKMODS Inner Panel Dot AIO V2 - Clear,Parts Units,1,"  130,000 "," Rp 130,000 ",1,1,1,0,0,0,0,Aged ≥ 3 bln,Clearance 20-40% / bundling
ac080,Coil Master Vape Brush,Tools,2,"  65,000 "," Rp 130,000 ",2,2,0,0,0,2,0,Aged ≥ 3 bln,Clearance 20-40% / bundling
rc156,KUGA Rocketman Cartridge - 1.0 Ohm,Cartridge,6,"  21,500 "," Rp 129,000 ",6,6,0,3,0,0,3,Aged ≥ 3 bln,Clearance 20-40% / bundling
rc415,Voopoo PNP X DTL Catridge No Adaptor - Silver,Cartridge,3,"  42,500 "," Rp 127,500 ",3,3,0,2,1,0,0,Aged ≥ 3 bln,Clearance 20-40% / bundling
co91,More Pro Pod Replacement Cartridge 2ml,Cartridge,8,"  15,791 "," Rp 126,328 ",8,8,0,8,0,0,0,Aged ≥ 3 bln,Clearance 20-40% / bundling
rc105,AAA Matrix Replacement Coil - Mesh 0.3 Ohm,Coil,5,"  25,070 "," Rp 125,350 ",5,5,0,0,0,0,5,Aged ≥ 3 bln,Clearance 20-40% / bundling
st408,Druga Foxy Pod 500mAh - Red,SALE DEVICE POD,1,"  125,000 "," Rp 125,000 ",1,1,0,1,0,0,0,Aged ≥ 3 bln,Clearance 20-40% / bundling
rda225,Wasp Nano RDA V2 24mm Oumier - Green,SALE RDA,1,"  125,000 "," Rp 125,000 ",1,1,0,0,1,0,0,Aged ≥ 3 bln,Clearance 20-40% / bundling
st246,Voopoo Vinci Q 900mAh - Moss Green,Pod System,1,"  120,000 "," Rp 120,000 ",1,1,0,0,0,0,1,Aged ≥ 3 bln,Clearance 20-40% / bundling
st1037,Lost Vape Ursa Nano S 16W - Rose Red,SALE DEVICE POD,1,"  120,000 "," Rp 120,000 ",1,1,0,0,0,0,1,Aged ≥ 3 bln,Clearance 20-40% / bundling
st1036,Lost Vape Ursa Nano S 16W - Mint Green,SALE DEVICE POD,1,"  120,000 "," Rp 120,000 ",1,1,0,0,0,0,1,Aged ≥ 3 bln,Clearance 20-40% / bundling
rc20,Avocado AIO Coil - 0.7 Ohm,Coil,4,"  30,000 "," Rp 120,000 ",4,4,0,3,1,0,0,Aged ≥ 3 bln,Clearance 20-40% / bundling
acc195,San AIO Panel - Frosted Clear,Parts Units,1,"  120,000 "," Rp 120,000 ",1,1,0,0,0,1,0,Aged ≥ 3 bln,Clearance 20-40% / bundling
acc18,Thumb Lanyard Standard Edition,TRX,3,"  39,263 "," Rp 117,789 ",3,3,0,0,3,0,0,Aged ≥ 3 bln,Clearance 20-40% / bundling
FB8,"Oat Drips V1 Oat Milk Cukai 2025 - 60ml,6mg",Freebase 2025,1,"  117,500 "," Rp 117,500 ",1,1,0,0,0,0,1,Aged ≥ 3 bln,Clearance 20-40% / bundling
FB200,"Furla V1 Strawberry Pudding Cukai 2025 - 60ml,3mg",Freebase 2025,1,"  117,500 "," Rp 117,500 ",1,1,0,0,1,0,0,Aged ≥ 3 bln,Clearance 20-40% / bundling
rc137,Eazy Pod Cartridge - 1.3 Ohm,Cartridge,5,"  23,333 "," Rp 116,665 ",5,5,3,0,2,0,0,Aged ≥ 3 bln,Clearance 20-40% / bundling
st118,Eazy Pod System Pastel Edition - Spring Green,Pod System,1,"  115,000 "," Rp 115,000 ",1,1,0,0,0,0,1,Aged ≥ 3 bln,Clearance 20-40% / bundling
st117,Eazy Pod System Pastel Edition - Autumn Pink,Pod System,1,"  115,000 "," Rp 115,000 ",1,1,0,0,0,0,1,Aged ≥ 3 bln,Clearance 20-40% / bundling
SN105,Jinak Pods Salt Nic 30ml 25mg Cukai 2025 - Strawberry Ice,Salt Nic 2025,2,"  57,500 "," Rp 115,000 ",2,2,0,0,2,0,0,Aged ≥ 3 bln,Clearance 20-40% / bundling
FB98,"A La Carte Cream Biscuit Cukai 2025 - 60ml,3mg",Freebase 2025,1,"  115,000 "," Rp 115,000 ",1,1,0,0,0,0,1,Aged ≥ 3 bln,Clearance 20-40% / bundling
acc124,Nitrous Top Cap Ghost Edition - Top Cap Dual,Parts Units,1,"  115,000 "," Rp 115,000 ",1,1,0,0,0,1,0,Aged ≥ 3 bln,Clearance 20-40% / bundling
FB176,"Crackz Ice V3 Belgian Ice Cream Cukai 2025 - 60ml,3mg",Freebase 2025,1,"  112,500 "," Rp 112,500 ",1,1,0,0,0,0,1,Aged ≥ 3 bln,Clearance 20-40% / bundling
acc150,Vandy Vape Pulse AIO.5 Metal Button Ring Set - Stainless Steel,Parts Units,3,"  37,500 "," Rp 112,500 ",3,3,0,1,1,1,0,Aged ≥ 3 bln,Clearance 20-40% / bundling
acc147,Vandy Vape Pulse AIO.5 Metal Button Ring Set - Black,Parts Units,3,"  37,500 "," Rp 112,500 ",3,3,0,1,1,1,0,Aged ≥ 3 bln,Clearance 20-40% / bundling
co16,Hcigar Indopod 1.4ml Replacement Catridge,Cartridge,4,"  28,000 "," Rp 112,000 ",4,4,0,4,0,0,0,Aged ≥ 3 bln,Clearance 20-40% / bundling
acc54,Wild Tip Glass Tank Reload S RTA - Red,Drip Tips And Caps,2,"  55,000 "," Rp 110,000 ",2,2,0,1,1,0,0,Aged ≥ 3 bln,Clearance 20-40% / bundling
acc53,Wild Tip Glass Tank Reload S RTA - Purple,Drip Tips And Caps,2,"  55,000 "," Rp 110,000 ",2,2,0,1,1,0,0,Aged ≥ 3 bln,Clearance 20-40% / bundling
acc52,Wild Tip Glass Tank Reload S RTA - Green,Drip Tips And Caps,2,"  55,000 "," Rp 110,000 ",2,2,0,1,1,0,0,Aged ≥ 3 bln,Clearance 20-40% / bundling
acc51,Wild Tip Glass Tank Reload S RTA - Blue,Drip Tips And Caps,2,"  55,000 "," Rp 110,000 ",2,2,0,1,1,0,0,Aged ≥ 3 bln,Clearance 20-40% / bundling
acc327,SXK Dot AIO II Inner Panels - Red,Parts Units,1,"  110,000 "," Rp 110,000 ",1,1,0,1,0,0,0,Aged ≥ 3 bln,Clearance 20-40% / bundling
acc146,Vandy Vape Pulse AIO DIY Accesories Set - 1 Set/4 Colour,Parts Units,1,"  110,000 "," Rp 110,000 ",1,1,0,1,0,0,0,Aged ≥ 3 bln,Clearance 20-40% / bundling
acc072,Bad Max V2 Tool Kit Mini - Black,Tools,1,"  110,000 "," Rp 110,000 ",1,1,0,0,0,1,0,Aged ≥ 3 bln,Clearance 20-40% / bundling
st248,Voopoo Vinci Q 900mAh - Vibrant Orange,Pod System,1,"  108,750 "," Rp 108,750 ",1,1,0,0,0,0,1,Aged ≥ 3 bln,Clearance 20-40% / bundling
st969,Voopoo Vinci Q 15W New Colour - Rose Pink,Pod System,1,"  107,500 "," Rp 107,500 ",1,1,0,0,0,0,1,Aged ≥ 3 bln,Clearance 20-40% / bundling
rc95,Augvape Druga Air II Replacement Cartridge - 1.3 Ohm,Cartridge,4,"  26,641 "," Rp 106,563 ",4,4,0,4,0,0,0,Aged ≥ 3 bln,Clearance 20-40% / bundling
st1350,Okla Stick 380mAh Pod Kit - Turquosie Candy,Pod System,1,"  105,000 "," Rp 105,000 ",1,1,0,0,1,0,0,Aged ≥ 3 bln,Clearance 20-40% / bundling
st1347,Okla Stick 380mAh Pod Kit - Cotton Candy,Pod System,1,"  105,000 "," Rp 105,000 ",1,1,0,0,0,0,1,Aged ≥ 3 bln,Clearance 20-40% / bundling
st1346,Okla Stick 380mAh Pod Kit - Amethyst,Pod System,1,"  105,000 "," Rp 105,000 ",1,1,0,1,0,0,0,Aged ≥ 3 bln,Clearance 20-40% / bundling
RCRAFT57,"Slay Blueberry Jam Cukai 2025 - 60ml,9mg",Rcraft 2025,1,"  105,000 "," Rp 105,000 ",1,1,0,0,0,0,1,Aged ≥ 3 bln,Clearance 20-40% / bundling
ops99/924,Sweet And Smooth ROLV Rock V2 Pod System 30W 900mAh - Gold,Open Pod System,1,"  105,000 "," Rp 105,000 ",1,1,1,0,0,0,0,Aged ≥ 3 bln,Clearance 20-40% / bundling
ops232/0125,Voom Fiery Pod Kit - White,Open Pod System,1,"  105,000 "," Rp 105,000 ",1,1,0,0,0,1,0,Aged ≥ 3 bln,Clearance 20-40% / bundling
ops100/924,Sweet And Smooth ROLV Rock V2 Pod System 30W 900mAh - Grey,Open Pod System,1,"  105,000 "," Rp 105,000 ",1,1,1,0,0,0,0,Aged ≥ 3 bln,Clearance 20-40% / bundling
acc303,BackDoor Clear Accessories By Doodle - M200,Parts Units,3,"  35,000 "," Rp 105,000 ",3,3,1,0,1,1,0,Aged ≥ 3 bln,Clearance 20-40% / bundling
wr09,TRML Wrap Battery 18650 - Tiger,Parts Units,1,"  100,000 "," Rp 100,000 ",1,1,1,0,0,0,0,Aged ≥ 3 bln,Clearance 20-40% / bundling
wr06,TRML Wrap Battery 18650 - Skeleton,Parts Units,1,"  100,000 "," Rp 100,000 ",1,1,0,0,1,0,0,Aged ≥ 3 bln,Clearance 20-40% / bundling
wr04,TRML Wrap Battery 18650 - Many Monster,Parts Units,1,"  100,000 "," Rp 100,000 ",1,1,0,0,0,1,0,Aged ≥ 3 bln,Clearance 20-40% / bundling
st867,Eleaf IORE Lite Pod 350mAh - White,Pod System,1,"  100,000 "," Rp 100,000 ",1,1,0,0,0,0,1,Aged ≥ 3 bln,Clearance 20-40% / bundling
st866,Eleaf IORE Lite Pod 350mAh - Red,Pod System,1,"  100,000 "," Rp 100,000 ",1,1,0,0,0,0,1,Aged ≥ 3 bln,Clearance 20-40% / bundling
st864,Eleaf IORE Lite Pod 350mAh - Black,Pod System,1,"  100,000 "," Rp 100,000 ",1,1,0,0,0,0,1,Aged ≥ 3 bln,Clearance 20-40% / bundling
rc70,EIR Pod Empty Cartridge - Standard,Cartridge,4,"  25,000 "," Rp 100,000 ",4,4,2,2,0,0,0,Aged ≥ 3 bln,Clearance 20-40% / bundling
rc392,Sweet And Smooth CT-O Cartridge - 0.6 Ohm,Cartridge,5,"  20,000 "," Rp 100,000 ",5,5,0,0,5,0,0,Aged ≥ 3 bln,Clearance 20-40% / bundling
pre28,Kendo Prebuild Alien Tri-Core Ni80 - R1 Dual 0.16 Ohm,Wire,2,"  50,000 "," Rp 100,000 ",2,2,0,2,0,0,0,Aged ≥ 3 bln,Clearance 20-40% / bundling
cr82,Fella Arestech Replacement Coil - Wide 1.0 Ohm,Coil,4,"  25,000 "," Rp 100,000 ",4,4,0,4,0,0,0,Aged ≥ 3 bln,Clearance 20-40% / bundling
co51,Flint Replacement Coil - 1.2 Ohm,Coil,4,"  25,000 "," Rp 100,000 ",4,4,0,0,4,0,0,Aged ≥ 3 bln,Clearance 20-40% / bundling
acc106,AN RDA AFC Ring Set - Gunmetal,Parts Units,1,"  100,000 "," Rp 100,000 ",1,1,0,0,1,0,0,Aged ≥ 3 bln,Clearance 20-40% / bundling
rc83,VSS RBA Kit - V1 Black,Parts Units,2,"  48,139 "," Rp 96,279 ",2,2,0,2,0,0,0,Aged ≥ 3 bln,Clearance 20-40% / bundling
st1006,Kuy Pod Saik 560mAh - Black Mate,SALE DEVICE POD,1,"  92,000 "," Rp 92,000 ",1,1,0,1,0,0,0,Aged ≥ 3 bln,Clearance 20-40% / bundling
st141,Hotcig Kubi Plus Pods System 850mAh - Gradient Red,SALE DEVICE POD,1,"  90,000 "," Rp 90,000 ",1,1,0,1,0,0,0,Aged ≥ 3 bln,Clearance 20-40% / bundling
st140,Hotcig Kubi Plus Pods System 850mAh - Gradient Purple,SALE DEVICE POD,1,"  90,000 "," Rp 90,000 ",1,1,0,1,0,0,0,Aged ≥ 3 bln,Clearance 20-40% / bundling
ct52,SMok Thallo Empty Cartridge RPM - Standart 5ml,Cartridge,3,"  30,000 "," Rp 90,000 ",3,3,0,3,0,0,0,Aged ≥ 3 bln,Clearance 20-40% / bundling
acc49,Claymore Transparent Cap Yacht Vape - Ultem/Amber,Drip Tips And Caps,2,"  45,000 "," Rp 90,000 ",2,2,0,1,1,0,0,Aged ≥ 3 bln,Clearance 20-40% / bundling
acc48,Claymore Transparent Cap Yacht Vape - Red,Drip Tips And Caps,2,"  45,000 "," Rp 90,000 ",2,2,0,1,1,0,0,Aged ≥ 3 bln,Clearance 20-40% / bundling
acc46,Claymore Transparent Cap Yacht Vape - Green,Drip Tips And Caps,2,"  45,000 "," Rp 90,000 ",2,2,0,1,1,0,0,Aged ≥ 3 bln,Clearance 20-40% / bundling
acc44,Claymore Transparent Cap Yacht Vape - Blue,Drip Tips And Caps,2,"  45,000 "," Rp 90,000 ",2,2,0,1,1,0,0,Aged ≥ 3 bln,Clearance 20-40% / bundling
acc43,Claymore Transparent Cap Yacht Vape - Black,Drip Tips And Caps,2,"  45,000 "," Rp 90,000 ",2,2,0,1,1,0,0,Aged ≥ 3 bln,Clearance 20-40% / bundling
ac30,Coil Master ReBuild Kit Joyetech Exceed Grip - 0.4 Ohm,Tools,3,"  30,000 "," Rp 90,000 ",3,3,0,2,0,1,0,Aged ≥ 3 bln,Clearance 20-40% / bundling
ac23,Coil Master ReBuild Kit For Uwell Caliburn And Koko - 1.2 Ohm,Tools,3,"  30,000 "," Rp 90,000 ",3,3,0,2,0,1,0,Aged ≥ 3 bln,Clearance 20-40% / bundling
st850,AFLO Pod MTL System 550mAh - Yellow,Pod System,1,"  89,000 "," Rp 89,000 ",1,1,0,1,0,0,0,Aged ≥ 3 bln,Clearance 20-40% / bundling
st849,AFLO Pod MTL System 550mAh - Silver,Pod System,1,"  89,000 "," Rp 89,000 ",1,1,0,1,0,0,0,Aged ≥ 3 bln,Clearance 20-40% / bundling
st848,AFLO Pod MTL System 550mAh - Red,Pod System,1,"  89,000 "," Rp 89,000 ",1,1,0,1,0,0,0,Aged ≥ 3 bln,Clearance 20-40% / bundling
st845,AFLO Pod MTL System 550mAh - Green,Pod System,1,"  89,000 "," Rp 89,000 ",1,1,0,1,0,0,0,Aged ≥ 3 bln,Clearance 20-40% / bundling
st844,AFLO Pod MTL System 550mAh - Brown,Pod System,1,"  89,000 "," Rp 89,000 ",1,1,0,1,0,0,0,Aged ≥ 3 bln,Clearance 20-40% / bundling
st843,AFLO Pod MTL System 550mAh - Blue,Pod System,1,"  89,000 "," Rp 89,000 ",1,1,0,1,0,0,0,Aged ≥ 3 bln,Clearance 20-40% / bundling
st384,Kuy Pod V2 550mAh - Tosca,SALE DEVICE POD,1,"  89,000 "," Rp 89,000 ",1,1,0,1,0,0,0,Aged ≥ 3 bln,Clearance 20-40% / bundling
st382,Kuy Pod V2 550mAh - Grey,SALE DEVICE POD,1,"  89,000 "," Rp 89,000 ",1,1,0,0,1,0,0,Aged ≥ 3 bln,Clearance 20-40% / bundling
st379,Kuy Pod V2 550mAh - Black,SALE DEVICE POD,1,"  89,000 "," Rp 89,000 ",1,1,0,1,0,0,0,Aged ≥ 3 bln,Clearance 20-40% / bundling
PF65,"Kings Reserve Pods Friendly 2026 - 30ml,9mg",PODS FRIENDLY 2026,1,"  88,550 "," Rp 88,550 ",0,0,0,1,0,0,0,Baru (bln berjalan),"Pantau dulu, jangan diskon"
rc97,Dot AIO Coil - 316L 1.6 Ohm,Coil,2,"  43,000 "," Rp 86,000 ",2,2,0,2,0,0,0,Aged ≥ 3 bln,Clearance 20-40% / bundling
acc34,Venom Resin 510 Adapter RPM 40 - Mix Colour,Parts Units,2,"  42,667 "," Rp 85,333 ",2,2,0,2,0,0,0,Aged ≥ 3 bln,Clearance 20-40% / bundling
lpf24,"Oat Drips V7 Pods Friendly Oat Raisin Cukai 2024 - 30ml,15mg",LOCAL Pods Friendly,1,"  85,194 "," Rp 85,194 ",1,1,0,0,1,0,0,Aged ≥ 3 bln,Clearance 20-40% / bundling
ch23,BlackCell BU2 USB Smart Charger - 2 Slot,Charger,1,"  85,000 "," Rp 85,000 ",1,1,0,1,0,0,0,Aged ≥ 3 bln,Clearance 20-40% / bundling
st878,AFLO Pod Limited Edition Five Pawns NicSal99+ - Black,Pod System,1,"  84,000 "," Rp 84,000 ",1,1,0,1,0,0,0,Aged ≥ 3 bln,Clearance 20-40% / bundling
st847,AFLO Pod MTL System 550mAh - Purple,Pod System,1,"  84,000 "," Rp 84,000 ",1,1,0,1,0,0,0,Aged ≥ 3 bln,Clearance 20-40% / bundling
SN185,Inverse Magnum Opus Salt Nic 30ml 30mg Cukai 2025 - Crystal Tea,Salt Nic 2025,1,"  82,500 "," Rp 82,500 ",1,1,0,0,0,0,1,Aged ≥ 3 bln,Clearance 20-40% / bundling
rc357,Uwell Caliburn G3 Pod Cartridge - 0.6 Ohm,Cartridge,3,"  27,500 "," Rp 82,500 ",3,3,0,0,0,0,3,Aged ≥ 3 bln,Clearance 20-40% / bundling
ct31,AFLO Pod Cartridge - 0.8 Ohm,Cartridge,3,"  27,500 "," Rp 82,500 ",3,3,2,0,1,0,0,Aged ≥ 3 bln,Clearance 20-40% / bundling
rta243,"Candi Disposable Tank Atomizer 24mm 3ml - Clear,0.2 Ohm",RTA,2,"  40,580 "," Rp 81,160 ",2,2,0,2,0,0,0,Aged ≥ 3 bln,Clearance 20-40% / bundling
st821,Ipods Pod System 560mAh - Serious Black,Pod System,1,"  80,000 "," Rp 80,000 ",1,1,0,0,0,0,1,Aged ≥ 3 bln,Clearance 20-40% / bundling
st820,Ipods Pod System 560mAh - Green Army,Pod System,1,"  80,000 "," Rp 80,000 ",1,1,0,0,0,0,1,Aged ≥ 3 bln,Clearance 20-40% / bundling
rc129,Artery IP Cores Mesh Coil - Mesh 0.4 Ohm,Coil,4,"  20,000 "," Rp 80,000 ",4,4,0,4,0,0,0,Aged ≥ 3 bln,Clearance 20-40% / bundling
dtm1,Drip Tip Modish Metal K.I.S.S. Short,Drip Tips And Caps,2,"  40,000 "," Rp 80,000 ",2,2,0,0,2,0,0,Aged ≥ 3 bln,Clearance 20-40% / bundling
dt212,Monarchy Cyber 510 Driptip Simple Set - White,Drip Tips And Caps,1,"  80,000 "," Rp 80,000 ",1,1,0,1,0,0,0,Aged ≥ 3 bln,Clearance 20-40% / bundling
dt209,Monarchy Cyber 510 Driptip Simple Set - Purple,Drip Tips And Caps,1,"  80,000 "," Rp 80,000 ",1,1,0,0,0,0,1,Aged ≥ 3 bln,Clearance 20-40% / bundling
dt208,Monarchy Cyber 510 Driptip Simple Set - Green,Drip Tips And Caps,1,"  80,000 "," Rp 80,000 ",1,1,0,1,0,0,0,Aged ≥ 3 bln,Clearance 20-40% / bundling
dt207,Monarchy Cyber 510 Driptip Simple Set - Frost White,Drip Tips And Caps,1,"  80,000 "," Rp 80,000 ",1,1,0,1,0,0,0,Aged ≥ 3 bln,Clearance 20-40% / bundling
dt206,Monarchy Cyber 510 Driptip Simple Set - Cream White,Drip Tips And Caps,1,"  80,000 "," Rp 80,000 ",1,1,0,1,0,0,0,Aged ≥ 3 bln,Clearance 20-40% / bundling
dt205,Monarchy Cyber 510 Driptip Simple Set - Blue,Drip Tips And Caps,1,"  80,000 "," Rp 80,000 ",1,1,0,1,0,0,0,Aged ≥ 3 bln,Clearance 20-40% / bundling
dt203,Monarchy Cyber 510 Driptip Simple Set - Amber,Drip Tips And Caps,1,"  80,000 "," Rp 80,000 ",1,1,0,1,0,0,0,Aged ≥ 3 bln,Clearance 20-40% / bundling
rc134,ETU Easy To Use R-Vape Cartridge - 1.0 Ohm,Cartridge,3,"  26,666 "," Rp 79,998 ",3,3,0,3,0,0,0,Aged ≥ 3 bln,Clearance 20-40% / bundling
SN246,Relx Salt Nic 30mg 30ml Cukai 2025 - Strawberry Susu,Salt Nic 2025,1,"  78,000 "," Rp 78,000 ",1,1,0,0,0,0,1,Aged ≥ 3 bln,Clearance 20-40% / bundling
SN137,Relx Salt Nic 30mg 30ml Cukai 2025 - Cherry Cola,Salt Nic 2025,1,"  78,000 "," Rp 78,000 ",1,1,0,0,0,0,1,Aged ≥ 3 bln,Clearance 20-40% / bundling
rc205,Voopoo PNP Coil - PnP R1 0.8 Ohm,Coil,3,"  26,000 "," Rp 78,000 ",3,3,0,0,3,0,0,Aged ≥ 3 bln,Clearance 20-40% / bundling
bt55,Basen 18650 2400mAh 50A 3.7V - 2400mAh,Battery,2,"  38,000 "," Rp 76,000 ",4,2,2,0,0,0,0,Aged ≥ 3 bln,Clearance 20-40% / bundling
dt137,Wild Tip Glass 810 For AN RDA Coilturd - Green,Drip Tips And Caps,1,"  75,000 "," Rp 75,000 ",1,1,0,1,0,0,0,Aged ≥ 3 bln,Clearance 20-40% / bundling
acc33,Venom Resin 510 Adapter Voopoo Vinci - Mix Colour,Parts Units,2,"  37,258 "," Rp 74,515 ",2,2,0,2,0,0,0,Aged ≥ 3 bln,Clearance 20-40% / bundling
ye11,AFLO Pod Zodiac Engrave - Yellow,Pod System,1,"  74,000 "," Rp 74,000 ",1,1,0,1,0,0,0,Aged ≥ 3 bln,Clearance 20-40% / bundling
ye1,AFLO Pod Holiday Engrave - Yellow,Pod System,1,"  74,000 "," Rp 74,000 ",1,1,0,1,0,0,0,Aged ≥ 3 bln,Clearance 20-40% / bundling
re11,AFLO Pod Zodiac Engrave - Red,Pod System,1,"  74,000 "," Rp 74,000 ",1,1,0,1,0,0,0,Aged ≥ 3 bln,Clearance 20-40% / bundling
or1,AFLO Pod Holiday Engrave - Orange,Pod System,1,"  74,000 "," Rp 74,000 ",1,1,0,1,0,0,0,Aged ≥ 3 bln,Clearance 20-40% / bundling
gr11,AFLO Pod Zodiac Engrave - Green,Pod System,1,"  74,000 "," Rp 74,000 ",1,1,0,1,0,0,0,Aged ≥ 3 bln,Clearance 20-40% / bundling
gr1,AFLO Pod Holiday Engrave - Green,Pod System,1,"  74,000 "," Rp 74,000 ",1,1,0,1,0,0,0,Aged ≥ 3 bln,Clearance 20-40% / bundling
rc52,Uwell Amulet Replacement Cartridge 2ml - 1.6 Ohm,Cartridge,2,"  35,000 "," Rp 70,000 ",2,2,0,2,0,0,0,Aged ≥ 3 bln,Clearance 20-40% / bundling
rc225,Lost Vape Thelema Empty Cartridge - Black,Cartridge,2,"  35,000 "," Rp 70,000 ",2,2,0,2,0,0,0,Aged ≥ 3 bln,Clearance 20-40% / bundling
ct35,Voopoo Vinci V2 Cartridge - 0.8 Ohm,Cartridge,2,"  35,000 "," Rp 70,000 ",2,2,0,0,2,0,0,Aged ≥ 3 bln,Clearance 20-40% / bundling
ct58,"Nevoks Feelin Empty Cartridge - Blue,2.8ml",Cartridge,3,"  22,500 "," Rp 67,500 ",3,3,0,2,0,0,1,Aged ≥ 3 bln,Clearance 20-40% / bundling
co59,Phoenix Wire Ni80 - 3M - 26Awg,Wire,3,"  22,500 "," Rp 67,500 ",3,3,0,3,0,0,0,Aged ≥ 3 bln,Clearance 20-40% / bundling
ct327,Nevoks APX C1 Cartridge - 1.2 Ohm,Cartridge,2,"  32,603 "," Rp 65,207 ",2,2,0,0,2,0,0,Aged ≥ 3 bln,Clearance 20-40% / bundling
dt140,Wild Tip Reload S RTA Drip Tip 810 - Blue,Drip Tips And Caps,1,"  65,000 "," Rp 65,000 ",1,1,0,1,0,0,0,Aged ≥ 3 bln,Clearance 20-40% / bundling
ct14,Vaporesso Zero 2 Cartridge - Ccell 1.3 Ohm,Cartridge,2,"  32,500 "," Rp 65,000 ",2,2,1,1,0,0,0,Aged ≥ 3 bln,Clearance 20-40% / bundling
RCRAFT35,Nikmat Pods Friendly 30ml 15mg Cukai 2025 - V1 Puff Pastry Rols Cream,Rcraft 2025,1,"  64,111 "," Rp 64,111 ",1,1,0,1,0,0,0,Aged ≥ 3 bln,Clearance 20-40% / bundling
rda145,Reload S RDA 24mm Clone - Stainless Steel,SALE RDA,1,"  60,000 "," Rp 60,000 ",1,1,0,1,0,0,0,Aged ≥ 3 bln,Clearance 20-40% / bundling
rc85,VSS RBA Kit - V2 White,Parts Units,1,"  60,000 "," Rp 60,000 ",1,1,0,1,0,0,0,Aged ≥ 3 bln,Clearance 20-40% / bundling
rc393,Sweet And Smooth CT-O Cartridge - 0.8 Ohm,Cartridge,3,"  20,000 "," Rp 60,000 ",3,3,0,0,3,0,0,Aged ≥ 3 bln,Clearance 20-40% / bundling
rc383,Vavo Qpod Cartridge 2ml - 0.8 Ohm,Cartridge,3,"  20,000 "," Rp 60,000 ",3,3,0,0,3,0,0,Aged ≥ 3 bln,Clearance 20-40% / bundling
rc382,Vavo Qpod Cartridge 2ml - 0.6 Ohm,Cartridge,3,"  20,000 "," Rp 60,000 ",3,3,0,0,3,0,0,Aged ≥ 3 bln,Clearance 20-40% / bundling
rc3,Pandora Replacement Cartridge - 1.8 Ohm,Cartridge,4,"  15,000 "," Rp 60,000 ",4,4,0,0,0,0,4,Aged ≥ 3 bln,Clearance 20-40% / bundling
R573,R57 MTL Tank Replacement Coil - 0.6 Ohm,Coil,3,"  20,000 "," Rp 60,000 ",3,3,0,0,0,0,3,Aged ≥ 3 bln,Clearance 20-40% / bundling
ct13,Vladdin X Cartridge 3.2ml - 1.8 Ohm,Cartridge,2,"  30,000 "," Rp 60,000 ",2,2,0,2,0,0,0,Aged ≥ 3 bln,Clearance 20-40% / bundling
bt101,MXJO 18350 3.7V 700mAh - 700mAh,Battery,1,"  60,000 "," Rp 60,000 ",1,1,1,0,0,0,0,Aged ≥ 3 bln,Clearance 20-40% / bundling
pre29,Kendo Prebuild Alien Tri-Core Ni80 - R2 Dual 0.20 Ohm,Wire,1,"  50,000 "," Rp 50,000 ",1,1,0,1,0,0,0,Aged ≥ 3 bln,Clearance 20-40% / bundling
co29,Citrine 24 Sub Ohm Replacement Coil - 0.17 Ohm,Coil,3,"  16,000 "," Rp 48,000 ",3,3,0,0,0,0,3,Aged ≥ 3 bln,Clearance 20-40% / bundling
dt300,District Tactf5ve 810 Type 2 - Black,Drip Tips And Caps,1,"  47,500 "," Rp 47,500 ",1,1,0,0,0,0,1,Aged ≥ 3 bln,Clearance 20-40% / bundling
acc41,Aegis Boost 510 Adapter - Black,Parts Units,1,"  47,500 "," Rp 47,500 ",1,1,0,1,0,0,0,Aged ≥ 3 bln,Clearance 20-40% / bundling
rc54,Bident Replacement Cartridge By Geekvape - DTL 0.8 Ohm,Cartridge,2,"  22,579 "," Rp 45,159 ",2,2,0,0,0,0,2,Aged ≥ 3 bln,Clearance 20-40% / bundling
rc55,Bident Replacement Cartridge By Geekvape - MTL 1.2 Ohm,Cartridge,2,"  22,554 "," Rp 45,107 ",2,2,0,0,0,0,2,Aged ≥ 3 bln,Clearance 20-40% / bundling
pre45,Noisy Coil - Baby Alien 0.18-0.20 Ohm,Wire,1,"  45,000 "," Rp 45,000 ",1,1,0,0,0,1,0,Aged ≥ 3 bln,Clearance 20-40% / bundling
dt245,Drip Tip Nitrous 810 Resin - Pink,Drip Tips And Caps,1,"  45,000 "," Rp 45,000 ",1,1,1,0,0,0,0,Aged ≥ 3 bln,Clearance 20-40% / bundling
ct61,"Nevoks Feelin Empty Cartridge - Silver,2.8ml",Cartridge,2,"  22,500 "," Rp 45,000 ",2,2,0,2,0,0,0,Aged ≥ 3 bln,Clearance 20-40% / bundling
ct59,"Nevoks Feelin Empty Cartridge - Red,2.8ml",Cartridge,2,"  22,500 "," Rp 45,000 ",2,2,0,2,0,0,0,Aged ≥ 3 bln,Clearance 20-40% / bundling
acc47,Claymore Transparent Cap Yacht Vape - Purple,Drip Tips And Caps,1,"  45,000 "," Rp 45,000 ",1,1,0,0,1,0,0,Aged ≥ 3 bln,Clearance 20-40% / bundling
acc45,Claymore Transparent Cap Yacht Vape - Clear,Drip Tips And Caps,1,"  45,000 "," Rp 45,000 ",1,1,0,0,1,0,0,Aged ≥ 3 bln,Clearance 20-40% / bundling
ac28,Coil Master ReBuild Kit Aegis Boost - 0.4 Ohm,Tools,1,"  45,000 "," Rp 45,000 ",1,1,0,0,0,1,0,Aged ≥ 3 bln,Clearance 20-40% / bundling
ac029,Coil Master Wire Cutter,Tools,1,"  43,133 "," Rp 43,133 ",1,1,0,0,1,0,0,Aged ≥ 3 bln,Clearance 20-40% / bundling
HS01,RC Plus Hand Sanitizer By RCRAFT - 100ml,Accesories Medic,2,"  20,000 "," Rp 40,000 ",2,2,0,0,2,0,0,Aged ≥ 3 bln,Clearance 20-40% / bundling
acc19,New Lanyard Standart - Red,Lanyard,4,"  10,000 "," Rp 40,000 ",4,4,0,0,4,0,0,Aged ≥ 3 bln,Clearance 20-40% / bundling
acc149,Vandy Vape Pulse AIO.5 Metal Button Ring Set - Rainbow,Parts Units,1,"  37,500 "," Rp 37,500 ",1,1,0,1,0,0,0,Aged ≥ 3 bln,Clearance 20-40% / bundling
acc148,Vandy Vape Pulse AIO.5 Metal Button Ring Set - Gold,Parts Units,1,"  37,500 "," Rp 37,500 ",1,1,0,1,0,0,0,Aged ≥ 3 bln,Clearance 20-40% / bundling
rc136,Geekvape Aegis Nano Cartridge - 1.2 Ohm,Cartridge,1,"  35,000 "," Rp 35,000 ",1,1,0,1,0,0,0,Aged ≥ 3 bln,Clearance 20-40% / bundling
acc42,Aegis Boost Pro And Plus 510 Adapter - Black,Parts Units,1,"  35,000 "," Rp 35,000 ",1,1,0,1,0,0,0,Aged ≥ 3 bln,Clearance 20-40% / bundling
acc304,BackDoor Clear Accessories By Doodle - PULSE AIO MINI,Parts Units,1,"  35,000 "," Rp 35,000 ",1,1,0,1,0,0,0,Aged ≥ 3 bln,Clearance 20-40% / bundling
rc280,Geek Vape Sonder U Cartridge - 0.7 Ohm,Cartridge,1,"  33,500 "," Rp 33,500 ",1,1,1,0,0,0,0,Aged ≥ 3 bln,Clearance 20-40% / bundling
wire05,Phoenix Wire God Speed Edition Ni80 - 3M - 24Awg,Wire,1,"  30,000 "," Rp 30,000 ",1,1,0,1,0,0,0,Aged ≥ 3 bln,Clearance 20-40% / bundling
rc419,Voom Fiery Pod Cartridge 0.3 Ohm - White,Cartridge,1,"  30,000 "," Rp 30,000 ",1,1,0,1,0,0,0,Aged ≥ 3 bln,Clearance 20-40% / bundling
rc13,Artha Wanderlust Lite 2ml Replacement Catridge - 1.2 Ohm,Cartridge,3,"  10,000 "," Rp 30,000 ",3,3,0,3,0,0,0,Aged ≥ 3 bln,Clearance 20-40% / bundling
ct67,Oxva Origin 2 Unione Cartridge 5ml - Standart 5ml,Cartridge,1,"  30,000 "," Rp 30,000 ",1,1,0,1,0,0,0,Aged ≥ 3 bln,Clearance 20-40% / bundling
wire11,Brother Vape Wire Classic Mode Ni80 - 2M - 28Awg,Wire,1,"  28,000 "," Rp 28,000 ",1,1,0,0,0,0,1,Aged ≥ 3 bln,Clearance 20-40% / bundling
rc247,Aegis Boost Pro P Series Coil - 0.4 Ohm,Coil,1,"  28,000 "," Rp 28,000 ",1,1,0,0,0,1,0,Aged ≥ 3 bln,Clearance 20-40% / bundling
rc155,Aspire Cloudflask Empty Cartridge - 5.5ml,Cartridge,1,"  27,000 "," Rp 27,000 ",1,1,1,0,0,0,0,Aged ≥ 3 bln,Clearance 20-40% / bundling
rc74,SMok RPM PNP Coil - Mesh 0.4 Ohm,Coil,1,"  25,000 "," Rp 25,000 ",1,1,0,1,0,0,0,Aged ≥ 3 bln,Clearance 20-40% / bundling
rc68,Augvape Druga Narada Replacement Coil - 0.5 Ohm SS316,Coil,1,"  25,000 "," Rp 25,000 ",1,1,0,0,1,0,0,Aged ≥ 3 bln,Clearance 20-40% / bundling
rc128,SMok RPM 40 Standard Empty Cartridge - Standard 4.3ml,Cartridge,1,"  25,000 "," Rp 25,000 ",1,1,1,0,0,0,0,Aged ≥ 3 bln,Clearance 20-40% / bundling
ct51,Kuy Pod Mod Empty Cartridge - Standard 3.7ml,Cartridge,1,"  25,000 "," Rp 25,000 ",1,1,0,0,1,0,0,Aged ≥ 3 bln,Clearance 20-40% / bundling
acc233,ZQ Xtal Pro USB Lanyard - Type C,Lanyard,1,"  25,000 "," Rp 25,000 ",1,1,0,0,1,0,0,Aged ≥ 3 bln,Clearance 20-40% / bundling
wire06,Phoenix Wire God Speed Edition Ni80 - 3M - 26Awg,Wire,1,"  23,600 "," Rp 23,600 ",1,1,0,1,0,0,0,Aged ≥ 3 bln,Clearance 20-40% / bundling
rc86,Innokin Lolipod Cartridge - KAL 1.4 Ohm,Cartridge,1,"  23,000 "," Rp 23,000 ",1,1,0,1,0,0,0,Aged ≥ 3 bln,Clearance 20-40% / bundling
tip12,Bro Tips 510 - Dark Blue,Drip Tips And Caps,1,"  20,222 "," Rp 20,222 ",1,1,1,0,0,0,0,Aged ≥ 3 bln,Clearance 20-40% / bundling
co60,Phoenix Wire Ni80 - 3M - 28Awg,Wire,1,"  20,000 "," Rp 20,000 ",1,1,0,1,0,0,0,Aged ≥ 3 bln,Clearance 20-40% / bundling
st109,Thumb Pod System 500mAh By TRX x Turbo Vape - Black,TRX,5,  -   , Rp - ,5,5,0,5,0,0,0,Aged ≥ 3 bln,Clearance 20-40% / bundling
st01,Thumb Pod 500mAh By TRX Team Edisi Merdeka - Black/Merah Putih,TRX,20,  -   , Rp - ,20,20,0,5,0,0,15,Aged ≥ 3 bln,Clearance 20-40% / bundling
ap21,Free Pouch Bag Rayvapor - Grey,Apparel,5,  -   , Rp - ,5,5,0,5,0,0,0,Aged ≥ 3 bln,Clearance 20-40% / bundling
acc238,Lanyard Rayvapor - Rayvapor,Lanyard,30,  -   , Rp - ,30,30,0,0,30,0,0,Aged ≥ 3 bln,Clearance 20-40% / bundling
2018,,,4,  -   , Rp - ,4,4,0,0,1,3,0,Aged ≥ 3 bln,Clearance 20-40% / bundling